lease,unitId,monthly,description,notes,company,supplier,arrangement,invoicing,status
1634,351,"$1,944.00",Air Start Unit,180 PPM - 40 PSIG,AGI Ground Inc,Fortbrand Services LLC Main-US,Regular,First of the Month,Operational
1667,2058,"$1,245.33",Aircraft Tow Tractor,"Narrow and Medium Body - CRJ100 to 900ER, ATR 42/72, BAE 146",AGI Ground Inc,Fortbrand Services LLC Main-US,Regular,First of the Month,Operational
100-10149558,10149558_1,"$1,098.72",S/N B3/30AC/CE1709A10607,,AGI Cargo LLC,"De Lage Landen Financial Services, Inc",Regular,First of the Month,Operational
100-10149558,10149558_2,"$1,098.72",S/N B3/30AC/CE1709A10608,,AGI Cargo LLC,"De Lage Landen Financial Services, Inc",Regular,First of the Month,Operational
100-10149558,10149558_3,"$1,098.71",S/N B3/30AC/CE1709A10596,,AGI Cargo LLC,"De Lage Landen Financial Services, Inc",Regular,First of the Month,Operational
1005-01-002,115PS20426,$670.00,Cummins,"Notified by Kristopher via Email, Tier3 - 30' Cable",AGI Ground Inc,XCED Aviation Services - TAS/ATS/AGI US,Regular,First of the Month,Operational
1005-01-002,PK389216,$165.00,Lavatory Cart,250 Gal,AGI Ground Inc,XCED Aviation Services - TAS/ATS/AGI US,Regular,First of the Month,Operational
1005-01-003,12301,$642.00,Tow Tractor,TT - 12D,AGI Ground Inc,XCED Aviation Services - TAS/ATS/AGI US,Regular,First of the Month,Operational
1005-01-004,TMD180-525,"$1,755.00",Air Start,TUG AST-180CIII,AGI Ground Inc,XCED Aviation Services - TAS/ATS/AGI US,Regular,First of the Month,Operational
1005-01-006,AV5839,$352.00,Baggage Tractors,Return Notified by Kristopher via Sendback on 07/31/2025 // Refurb - Zero Time - MA - 50,AGI Ground Inc,XCED Aviation Services - TAS/ATS/AGI US,Regular,First of the Month,Operational
1005-01-006,511,$197.00,Express Ramp,S/N TM-XPR-25,AGI Ground Inc,XCED Aviation Services - TAS/ATS/AGI US,Regular,First of the Month,Operational
1005-01-006,6510480,$693.00,Belt Loader,660-28,AGI Ground Inc,XCED Aviation Services - TAS/ATS/AGI US,Regular,First of the Month,Operational
1005-01-006,6510481,$693.00,Belt Loader,660-28,AGI Ground Inc,XCED Aviation Services - TAS/ATS/AGI US,Regular,First of the Month,Operational
1005-01-006,8917,$787.00,Pushback Tractor,"Aero Specialties, EAGLE - TT - 8D - RJ",AGI Ground Inc,XCED Aviation Services - TAS/ATS/AGI US,Regular,First of the Month,Operational
1005-01-006,AV5840,$352.00,Baggage Tractors,Refurb - Zero Time - MA - 50,AGI Ground Inc,XCED Aviation Services - TAS/ATS/AGI US,Regular,First of the Month,Operational
1005-01-007,6510477,$692.00,Belt Loader,660-28,AGI Ground Inc,XCED Aviation Services - TAS/ATS/AGI US,Regular,First of the Month,Operational
1005-01-007,6510478,$692.00,Belt Loader,660-28,AGI Ground Inc,XCED Aviation Services - TAS/ATS/AGI US,Regular,First of the Month,Operational
1005-01-007,8943,$786.00,Pushback Tractor,"Aero Specialties, EAGLE-TT-8D-RJ",AGI Ground Inc,XCED Aviation Services - TAS/ATS/AGI US,Regular,First of the Month,Operational
1005-01-007,TMD180-526,"$1,950.00",Air Start,AST-180CIII 180PPM,AGI Ground Inc,XCED Aviation Services - TAS/ATS/AGI US,Regular,First of the Month,Operational
1005-01-008,XPR512,$200.00,Express Ramp,Timberline TM-XPR-25,AGI Ground Inc,XCED Aviation Services - TAS/ATS/AGI US,Regular,First of the Month,Operational
1005-014,T37568,"$3,047.50",Cargo Loader,TXL-838-Wide 7.5 Ton,AGI Ground Inc,XCED Aviation Services - TAS/ATS/AGI US,Regular,First of the Month,Operational
1005-018,T37141,"$1,097.00",Pushback Tractor,"Notified by Kristopher via Email, 2016 TMX-150-16 Narrow Body Aircraft Pushback Tractor",AGI Ground Inc,XCED Aviation Services - TAS/ATS/AGI US,Regular,First of the Month,Operational
1005-018,T37143,"$1,097.00",Pushback Tractor,2016 TMX-150-16 Narrow Body Aircraft Pushback Tractor,AGI Ground Inc,XCED Aviation Services - TAS/ATS/AGI US,Regular,First of the Month,Operational
1005-019,120376,$832.00,Cart with Heat Option,2016 ACU-25D PCA,AGI Ground Inc,XCED Aviation Services - TAS/ATS/AGI US,Regular,First of the Month,Operational
1005-022,116PS21069,$519.00,Banded Cable Assembly,"Notified by Kristopher via Email, JETEX6D, 28.5VC GPU 30 FT",AGI Ground Inc,XCED Aviation Services - TAS/ATS/AGI US,Regular,First of the Month,Operational
1005-022,TMD150-610,"$1,587.00",Air Start Asembly,TMD 150 PPM,AGI Ground Inc,XCED Aviation Services - TAS/ATS/AGI US,Regular,First of the Month,Operational
1005-026,AV2239-16,$463.00,Belt Loader,"Model 660, complete STD Fleetrenu rebuild",AGI Ground Inc,XCED Aviation Services - TAS/ATS/AGI US,Regular,First of the Month,Operational
1005-026,AV6041,$366.00,Baggage Tractor,Fleetrenu Rebuild,AGI Ground Inc,XCED Aviation Services - TAS/ATS/AGI US,Regular,First of the Month,Operational
1005-026,AV6042,$366.00,Baggage Tractor,Fleetrenu Rebuild,AGI Ground Inc,XCED Aviation Services - TAS/ATS/AGI US,Regular,First of the Month,Operational
1005-026,AV6047-16,$463.00,Belt Loader,"Model 660, complete STD Fleetrenu rebuild",AGI Ground Inc,XCED Aviation Services - TAS/ATS/AGI US,Regular,First of the Month,Operational
1005-026,T38309,$661.00,Cummins,TLD GPU-409-E-CUP Ground Power Unit,AGI Ground Inc,XCED Aviation Services - TAS/ATS/AGI US,Regular,First of the Month,Operational
1005-027,5986,$209.00,Belt Loader,Refurbished TUG 660 Ford 300 Engine and C6 Transmission,AGI Ground Inc,XCED Aviation Services - TAS/ATS/AGI US,Regular,First of the Month,Operational
1005-028,6001153,$610.00,Belt Loader,Flat Plate,AGI Ground Inc,XCED Aviation Services - TAS/ATS/AGI US,Regular,First of the Month,Operational
1005-028,6001154,$610.00,Belt Loader,Flat Plate,AGI Ground Inc,XCED Aviation Services - TAS/ATS/AGI US,Regular,First of the Month,Operational
1005-028,8700244,$453.00,Baggage Tractor,Watering System,AGI Ground Inc,XCED Aviation Services - TAS/ATS/AGI US,Regular,First of the Month,Operational
1005-028,8700245,$453.00,Baggage Tractor,Watering System,AGI Ground Inc,XCED Aviation Services - TAS/ATS/AGI US,Regular,First of the Month,Operational
1005-028,8700246,$453.00,Baggage Tractor,Watering System,AGI Ground Inc,XCED Aviation Services - TAS/ATS/AGI US,Regular,First of the Month,Operational
1005-028,8700247,$453.00,Baggage Tractor,Watering System,AGI Ground Inc,XCED Aviation Services - TAS/ATS/AGI US,Regular,First of the Month,Operational
1005-030,2021204,$432.00,Tow Tractor,"MA50-28, 5,000lb DB Pull",AGI Ground Inc,XCED Aviation Services - TAS/ATS/AGI US,Regular,First of the Month,Operational
1005-030,2021205,$432.00,Tow Tractor,"MA50-28, 5,000lb DB Pull",AGI Ground Inc,XCED Aviation Services - TAS/ATS/AGI US,Regular,First of the Month,Operational
1005-030,2021206,$432.00,Tow Tractor,"MA50-28, 5,000lb DB Pull",AGI Ground Inc,XCED Aviation Services - TAS/ATS/AGI US,Regular,First of the Month,Operational
1005-030,T39518,"$1,081.00",Pushback Tractor,TMX-150,AGI Ground Inc,XCED Aviation Services - TAS/ATS/AGI US,Regular,First of the Month,Operational
1005-031,T41366,$422.00,Tow Tractor,JST-25 5000lb,AGI Ground Inc,XCED Aviation Services - TAS/ATS/AGI US,Regular,First of the Month,Operational
1005-031,2021200,$396.00,Baggage Tractor,"Notified by Kristopher via Email, MA50-28",AGI Ground Inc,XCED Aviation Services - TAS/ATS/AGI US,Regular,First of the Month,Operational
1005-031,2021201,$396.00,Baggage Tractor,"Notified by Kristopher via Email, MA50-28",AGI Ground Inc,XCED Aviation Services - TAS/ATS/AGI US,Regular,First of the Month,Operational
1005-032,6511032,$454.00,Belt Loader,Return Notified by Kristopher via Sendback on 08/07/2025 // 660-28 Gasoline Fuel Injected,AGI Ground Inc,XCED Aviation Services - TAS/ATS/AGI US,Regular,First of the Month,Operational
1005-033,T41700,"$1,382.00",ASU-600-180-DDP,,AGI Ground Inc,XCED Aviation Services - TAS/ATS/AGI US,Regular,First of the Month,Operational
1005-033,T41701,"$1,382.00",ASU-600-180-DDP,,AGI Ground Inc,XCED Aviation Services - TAS/ATS/AGI US,Regular,First of the Month,Operational
1005-033,T41702,$489.00,Ground Power Unit,Tounge Interlock System,AGI Ground Inc,XCED Aviation Services - TAS/ATS/AGI US,Regular,First of the Month,Operational
1005-033,T41730,$489.00,Ground Power Unit,Tounge Interlock System,AGI Ground Inc,XCED Aviation Services - TAS/ATS/AGI US,Regular,First of the Month,Operational
1005-033,T42631,"$1,637.00",ASU-600-270-SCP,,AGI Ground Inc,XCED Aviation Services - TAS/ATS/AGI US,Regular,First of the Month,Operational
1005-034,AV6170,$200.00,Baggage Tractor,Refurbished MA50,AGI Ground Inc,XCED Aviation Services - TAS/ATS/AGI US,Regular,First of the Month,Operational
1005-034,AV6171,$200.00,Baggage Tractor,Refurbished MA50,AGI Ground Inc,XCED Aviation Services - TAS/ATS/AGI US,Regular,First of the Month,Operational
1005-034,AV6172,$200.00,Baggage Tractor,Refurbished MA50,AGI Ground Inc,XCED Aviation Services - TAS/ATS/AGI US,Regular,First of the Month,Operational
1005-035,3028,$518.00,Belt Loader,Refurbished Tug 660,AGI Ground Inc,XCED Aviation Services - TAS/ATS/AGI US,Regular,First of the Month,Operational
1005-035,AV6166,$365.00,Baggage Tractor,Refurbished MA-50,AGI Ground Inc,XCED Aviation Services - TAS/ATS/AGI US,Regular,First of the Month,Operational
1005-035,AV6167,$365.00,Baggage Tractor,Refurbished MA-50,AGI Ground Inc,XCED Aviation Services - TAS/ATS/AGI US,Regular,First of the Month,Operational
1005-035,AV6168,$365.00,Baggage Tractor,Refurbished MA-50,AGI Ground Inc,XCED Aviation Services - TAS/ATS/AGI US,Regular,First of the Month,Operational
1005-037,B25016092,"$1,062.00",Pushback,B250,AGI Ground Inc,XCED Aviation Services - TAS/ATS/AGI US,Regular,First of the Month,Operational
1005-038,B25016089,"$1,062.00",Pushback,B250,AGI Ground Inc,XCED Aviation Services - TAS/ATS/AGI US,Regular,First of the Month,Operational
1005-039,120386,$605.00,ACU-25D4,,AGI Ground Inc,XCED Aviation Services - TAS/ATS/AGI US,Regular,First of the Month,Operational
1005-040,4501290,$779.00,Speed Tow and Utility Tractor,MH50-44T,AGI Ground Inc,XCED Aviation Services - TAS/ATS/AGI US,Regular,First of the Month,Operational
1005-041,6304,$597.09,Belt Loader,Zero Time 660-28,AGI Ground Inc,XCED Aviation Services - TAS/ATS/AGI US,Regular,First of the Month,Operational
1005-041,6386,$597.09,Belt Loader,Zero Time 660-28,AGI Ground Inc,XCED Aviation Services - TAS/ATS/AGI US,Regular,First of the Month,Operational
1005-041,AV6237,$474.96,Baggage Tractor,Refurbished MA50,AGI Ground Inc,XCED Aviation Services - TAS/ATS/AGI US,Regular,First of the Month,Operational
1005-041,AV6238,$474.96,Baggage Tractor,Refurbished MA50,AGI Ground Inc,XCED Aviation Services - TAS/ATS/AGI US,Regular,First of the Month,Operational
1005-041,AV6239,$474.96,Baggage Tractor,Refurbished MA50,AGI Ground Inc,XCED Aviation Services - TAS/ATS/AGI US,Regular,First of the Month,Operational
1005-041,AV6240,$474.96,Baggage Tractor,Refurbished MA50,AGI Ground Inc,XCED Aviation Services - TAS/ATS/AGI US,Regular,First of the Month,Operational
1005-042,20997,"$1,365.00",Service Truck,SLS-350PL,AGI Ground Inc,XCED Aviation Services - TAS/ATS/AGI US,Regular,First of the Month,Operational
1005-042,T43402,$981.00,Tier 4F,GPU-409-E-CUP,AGI Ground Inc,XCED Aviation Services - TAS/ATS/AGI US,Regular,First of the Month,Operational
1005-042,T43798,"$3,066.00",Towing Tractor,TMX-350-28,AGI Ground Inc,XCED Aviation Services - TAS/ATS/AGI US,Regular,First of the Month,Operational
1005-047,AV6289,$390.00,Baggage Tractor,"MA-50, Complete Standard Fleetrenu Rebuild",AGI Ground Inc,XCED Aviation Services - TAS/ATS/AGI US,Regular,First of the Month,Operational
1005-049,6511302,$655.00,Belt Loader,"Returned not confirmed, date from invoice, CR received Tug 660-28",AGI Ground Inc,XCED Aviation Services - TAS/ATS/AGI US,Regular,First of the Month,Operational
1005-049,2021375,$452.00,Baggage Tractor,Tug MA50-28,AGI Ground Inc,XCED Aviation Services - TAS/ATS/AGI US,Regular,First of the Month,Operational
1005-049,2021376,$452.00,Baggage Tractor,Tug MA50-28,AGI Ground Inc,XCED Aviation Services - TAS/ATS/AGI US,Regular,First of the Month,Operational
1005-049,2021377,$452.00,Baggage Tractor,Tug MA50-28,AGI Ground Inc,XCED Aviation Services - TAS/ATS/AGI US,Regular,First of the Month,Operational
1005-049,6511303,$452.00,Belt Loader,Tug 660-28,AGI Ground Inc,XCED Aviation Services - TAS/ATS/AGI US,Regular,First of the Month,Operational
1005-049,GT35A1431,"$1,389.00",Pushback Tractor,Tug GT35A,AGI Ground Inc,XCED Aviation Services - TAS/ATS/AGI US,Regular,First of the Month,Operational
1005-050,T43462,"$3,177.00",Towing Tractor,TMX-350-28 with Handrail System,AGI Ground Inc,XCED Aviation Services - TAS/ATS/AGI US,Regular,First of the Month,Operational
1005-052,T45108,"$2,460.00",Tow Tractor,TMX-350-28,AGI Ground Inc,XCED Aviation Services - TAS/ATS/AGI US,Regular,First of the Month,Operational
1005-053,C15i17070,"$3,756.00",Cargo Loader,C15i Wide,AGI Ground Inc,XCED Aviation Services - TAS/ATS/AGI US,Regular,First of the Month,Operational
1005-053,C15i17075,"$3,755.00",Cargo Loader,C15i Wide,AGI Ground Inc,XCED Aviation Services - TAS/ATS/AGI US,Regular,First of the Month,Operational
1005-055,C15i17086,"$3,509.00",Commander,C15 Standard,AGI Ground Inc,XCED Aviation Services - TAS/ATS/AGI US,Regular,First of the Month,Operational
1005-056,DT3218/TBL280/N5683,"$4,661.00",Towbarless Tractor,Douglas TBL-280,AGI Ground Inc,XCED Aviation Services - TAS/ATS/AGI US,Regular,First of the Month,Operational
1005-057,T31370,"$2,505.00",Cargo Loader,Wide 7.5 Ton,AGI Ground Inc,XCED Aviation Services - TAS/ATS/AGI US,Regular,First of the Month,Operational
1005-057,T35642,"$2,505.00",Cargo Loader,Wide 7.5 Ton,AGI Ground Inc,XCED Aviation Services - TAS/ATS/AGI US,Regular,First of the Month,Operational
1005-057,T35668,"$2,361.00",Aircraft Push Tug,TMX-350-28,AGI Ground Inc,XCED Aviation Services - TAS/ATS/AGI US,Regular,First of the Month,Operational
1005-059,AV6146,$325.00,Baggage Tractor,MA-50,AGI Ground Inc,XCED Aviation Services - TAS/ATS/AGI US,Regular,First of the Month,Operational
1005-060,DT3287/TBL280/N5755,"$5,596.00",Towbarless Tractor,Douglas TBL-280,AGI Ground Inc,XCED Aviation Services - TAS/ATS/AGI US,Regular,First of the Month,Operational
1005-061,T35330,"$2,114.00",Cargo Loader,Universal Cargo Loader - TXL838UNI,AGI Ground Inc,XCED Aviation Services - TAS/ATS/AGI US,Regular,First of the Month,Operational
1005-062,NB00144801,"$1,066.00",Refueling Cart,Standard 450GPM,AGI Ground Inc,XCED Aviation Services - TAS/ATS/AGI US,Regular,First of the Month,Operational
1005-062,NB00144802,"$1,066.00",Refueling Cart,Standard 450GPM,AGI Ground Inc,XCED Aviation Services - TAS/ATS/AGI US,Regular,First of the Month,Operational
1005-062,NB00144803,"$1,066.00",Refueling Cart,Standard 450GPM,AGI Ground Inc,XCED Aviation Services - TAS/ATS/AGI US,Regular,First of the Month,Operational
1005-064,700472,"$3,791.00",De-Icer,Demo 2018 with Enclosed Operator Work Station,AGI Ground Inc,XCED Aviation Services - TAS/ATS/AGI US,Regular,First of the Month,Operational
1005-065,8700249,$348.00,Tow Tractor,MZ Electric with options,AGI Ground Inc,XCED Aviation Services - TAS/ATS/AGI US,Regular,First of the Month,Operational
1005-065,8700251,$348.00,Tow Tractor,MZ Electric with options,AGI Ground Inc,XCED Aviation Services - TAS/ATS/AGI US,Regular,First of the Month,Operational
1005-066,2023221,$580.20,Ford 2.5L,GM4L70,AGI Ground Inc,XCED Aviation Services - TAS/ATS/AGI US,Regular,First of the Month,Operational
1005-066,2023222,$580.20,Ford 2.5L,GM4L70,AGI Ground Inc,XCED Aviation Services - TAS/ATS/AGI US,Regular,First of the Month,Operational
1005-066,2023223,$580.20,Ford 2.5L,GM4L70,AGI Ground Inc,XCED Aviation Services - TAS/ATS/AGI US,Regular,First of the Month,Operational
1005-066,2023225,$580.20,Ford 2.5L,GM4L70,AGI Ground Inc,XCED Aviation Services - TAS/ATS/AGI US,Regular,First of the Month,Operational
1005-066,2023974,$721.20,Ford 2.5L,GM4L70,AGI Ground Inc,XCED Aviation Services - TAS/ATS/AGI US,Regular,First of the Month,Operational
1005-066,2023985,$721.20,Ford 2.5L,GM4L70,AGI Ground Inc,XCED Aviation Services - TAS/ATS/AGI US,Regular,First of the Month,Operational
1005-066,2023986,$721.20,Ford 2.5L,GM4L70,AGI Ground Inc,XCED Aviation Services - TAS/ATS/AGI US,Regular,First of the Month,Operational
1005-066,T74195,"$1,076.20",Kubota,Graziano PST2 Powershift without Cab,AGI Ground Inc,XCED Aviation Services - TAS/ATS/AGI US,Regular,First of the Month,Operational
1005-066,T74196,"$1,076.20",Kubota,Graziano PST2 Powershift without Cab,AGI Ground Inc,XCED Aviation Services - TAS/ATS/AGI US,Regular,First of the Month,Operational
1005-066,T74197,"$1,076.20",Kubota,Graziano PST2 Powershift without Cab,AGI Ground Inc,XCED Aviation Services - TAS/ATS/AGI US,Regular,First of the Month,Operational
1005-066,T74228,"$1,091.50",Kubota,Graziano PST2 Powershift without Cab,AGI Ground Inc,XCED Aviation Services - TAS/ATS/AGI US,Regular,First of the Month,Operational
1005-066,T74229,"$1,091.50",Kubota,Graziano PST2 Powershift without Cab,AGI Ground Inc,XCED Aviation Services - TAS/ATS/AGI US,Regular,First of the Month,Operational
1005-067,2023909,$504.00,Ford 2.5L,Gasoline engine and GM4L70 Transmission,AGI Ground Inc,XCED Aviation Services - TAS/ATS/AGI US,Regular,First of the Month,Operational
1005-068,64983,$716.24,Aerotech,30 Ton preconditioned unit with 2 delivery hoses,AGI Ground Inc,XCED Aviation Services - TAS/ATS/AGI US,Regular,First of the Month,Operational
1005-068,8700248,$486.51,Tow Tractor,"GNB Bat, 80V, 500 Amp",AGI Ground Inc,XCED Aviation Services - TAS/ATS/AGI US,Regular,First of the Month,Operational
1005-068,8700250,$486.51,Tow Tractor,"GNB Bat, 80V, 500 Amp",AGI Ground Inc,XCED Aviation Services - TAS/ATS/AGI US,Regular,First of the Month,Operational
1005-068,B25015016,$817.50,Perkins Diesel,Diesel Engine,AGI Ground Inc,XCED Aviation Services - TAS/ATS/AGI US,Regular,First of the Month,Operational
1005-068,PNX-LC150/100-1140,$164.36,Stainles Tank,"Flush tank inmersion heater, electric pump, closed dump system",AGI Ground Inc,XCED Aviation Services - TAS/ATS/AGI US,Regular,First of the Month,Operational
1005-068,T72060,$683.88,Deutz 2.9L,"Turbocharged, 800 Amps",AGI Ground Inc,XCED Aviation Services - TAS/ATS/AGI US,Regular,First of the Month,Operational
1005-069,PNX-LC250/150-1286,$237.00,Stainless Tank,Full insulation with flush inmersion heater,AGI Ground Inc,XCED Aviation Services - TAS/ATS/AGI US,Regular,First of the Month,Operational
1005-069,T42430,"$1,133.00",Cummins QSB,6.7L Diesel Engine T4F,AGI Ground Inc,XCED Aviation Services - TAS/ATS/AGI US,Regular,First of the Month,Operational
1005-069,T70389,"$2,392.00",Cummins QSL9,180-CUP 380 Diesel Engine Tier 4F,AGI Ground Inc,XCED Aviation Services - TAS/ATS/AGI US,Regular,First of the Month,Operational
1005-070,4121,$541.50,CRJ Handrails,Zero Hour Unit,AGI Ground Inc,XCED Aviation Services - TAS/ATS/AGI US,Regular,First of the Month,Operational
1005-070,4757,$541.50,CRJ Handrails,Zero Hour Unit,AGI Ground Inc,XCED Aviation Services - TAS/ATS/AGI US,Regular,First of the Month,Operational
1005-070,PK503863,$65.00,Container Pallet Trailer,"3,500lbs Capacity, side or rear loading, LD1 and LD3",AGI Ground Inc,XCED Aviation Services - TAS/ATS/AGI US,Regular,First of the Month,Operational
1005-070,PK503865,$65.00,Container Pallet Trailer,"3,500lbs Capacity, side or rear loading, LD1 and LD3",AGI Ground Inc,XCED Aviation Services - TAS/ATS/AGI US,Regular,First of the Month,Operational
1005-070,PK503869,$65.00,Container Pallet Trailer,"3,500lbs Capacity, side or rear loading, LD1 and LD3",AGI Ground Inc,XCED Aviation Services - TAS/ATS/AGI US,Regular,First of the Month,Operational
1005-070,PK503870,$65.00,Container Pallet Trailer,"3,500lbs Capacity, side or rear loading, LD1 and LD3",AGI Ground Inc,XCED Aviation Services - TAS/ATS/AGI US,Regular,First of the Month,Operational
1005-070,PK503871,$65.00,Container Pallet Trailer,"3,500lbs Capacity, side or rear loading, LD1 and LD3",AGI Ground Inc,XCED Aviation Services - TAS/ATS/AGI US,Regular,First of the Month,Operational
1005-070,PK503872,$65.00,Container Pallet Trailer,"3,500lbs Capacity, side or rear loading, LD1 and LD3",AGI Ground Inc,XCED Aviation Services - TAS/ATS/AGI US,Regular,First of the Month,Operational
1005-070,PK503875,$65.00,Container Pallet Trailer,"3,500lbs Capacity, side or rear loading, LD1 and LD3",AGI Ground Inc,XCED Aviation Services - TAS/ATS/AGI US,Regular,First of the Month,Operational
1005-070,PK503885,$65.00,Container Pallet Trailer,"3,500lbs Capacity, side or rear loading, LD1 and LD3",AGI Ground Inc,XCED Aviation Services - TAS/ATS/AGI US,Regular,First of the Month,Operational
1005-070,PK503886,$65.00,Container Pallet Trailer,"3,500lbs Capacity, side or rear loading, LD1 and LD3",AGI Ground Inc,XCED Aviation Services - TAS/ATS/AGI US,Regular,First of the Month,Operational
1005-070,PK503898,$65.00,Container Pallet Trailer,"3,500lbs Capacity, side or rear loading, LD1 and LD3",AGI Ground Inc,XCED Aviation Services - TAS/ATS/AGI US,Regular,First of the Month,Operational
1005-071,65672,$968.00,Air Mobile Unit,"Unit Fire, Extinguisher 30"" Rob pkg, Hall Industries Aircraft, Connector",AGI Ground Inc,XCED Aviation Services - TAS/ATS/AGI US,Regular,First of the Month,Operational
1005-071,TMD180-801,"$2,389.00",Cummins,"X15 Diesek Engine, Tier 4F",AGI Ground Inc,XCED Aviation Services - TAS/ATS/AGI US,Regular,First of the Month,Operational
1005-072,B95019023,"$4,389.00",Cummins,"QSB 6.7L Diesel Engine, Tier 4F",AGI Ground Inc,XCED Aviation Services - TAS/ATS/AGI US,Regular,First of the Month,Operational
1005-073,2024159,$745.00,Ford 2.5L,Gasoline engine and GM4L70 Transmission,AGI Ground Inc,XCED Aviation Services - TAS/ATS/AGI US,Regular,First of the Month,Operational
1005-073,2024160,$745.00,Ford 2.5L,Gasoline engine and GM4L70 Transmission,AGI Ground Inc,XCED Aviation Services - TAS/ATS/AGI US,Regular,First of the Month,Operational
1005-073,2024161,$745.00,Ford 2.5L,Gasoline engine and GM4L70 Transmission,AGI Ground Inc,XCED Aviation Services - TAS/ATS/AGI US,Regular,First of the Month,Operational
1005-076,2024148,$745.00,Ford 2.5L,GM4L70 Transmission,AGI Ground Inc,XCED Aviation Services - TAS/ATS/AGI US,Regular,First of the Month,Operational
1005-077,2024162,$775.00,Ford 2.5L,Gasoline Engine and GM4L70 Transmission,AGI Ground Inc,XCED Aviation Services - TAS/ATS/AGI US,Regular,First of the Month,Operational
1005-077,2024163,$775.00,Ford 2.5L,Gasoline Engine and GM4L70 Transmission,AGI Ground Inc,XCED Aviation Services - TAS/ATS/AGI US,Regular,First of the Month,Operational
1005-077,2024164,$775.00,Ford 2.5L,Gasoline Engine and GM4L70 Transmission,AGI Ground Inc,XCED Aviation Services - TAS/ATS/AGI US,Regular,First of the Month,Operational
1005-077,2024165,$775.00,Ford 2.5L,Gasoline Engine and GM4L70 Transmission,AGI Ground Inc,XCED Aviation Services - TAS/ATS/AGI US,Regular,First of the Month,Operational
1005-077,2024166,$775.00,Ford 2.5L,Gasoline Engine and GM4L70 Transmission,AGI Ground Inc,XCED Aviation Services - TAS/ATS/AGI US,Regular,First of the Month,Operational
1005-077,2024168,$775.00,Ford 2.5L,Gasoline Engine and GM4L70 Transmission,AGI Ground Inc,XCED Aviation Services - TAS/ATS/AGI US,Regular,First of the Month,Operational
1005-077,2024169,$775.00,Ford 2.5L,Gasoline Engine and GM4L70 Transmission,AGI Ground Inc,XCED Aviation Services - TAS/ATS/AGI US,Regular,First of the Month,Operational
1005-077,2024175,$775.00,Ford 2.5L,Gasoline Engine and GM4L70 Transmission,AGI Ground Inc,XCED Aviation Services - TAS/ATS/AGI US,Regular,First of the Month,Operational
1005-078,6513318,"$1,231.00",Ford 2.5l,"Gasoline Engine and GM4L70 Transmission, with 120v Artic Package",AGI Ground Inc,XCED Aviation Services - TAS/ATS/AGI US,Regular,First of the Month,Operational
1005-078,6513353,"$1,231.00",Ford 2.5l,"Gasoline Engine and GM4L70 Transmission, with 120v Artic Package",AGI Ground Inc,XCED Aviation Services - TAS/ATS/AGI US,Regular,First of the Month,Operational
1005-078,6513354,"$1,231.00",Ford 2.5l,"Gasoline Engine and GM4L70 Transmission, with 120v Artic Package",AGI Ground Inc,XCED Aviation Services - TAS/ATS/AGI US,Regular,First of the Month,Operational
1005-078,6513389,"$1,231.00",Ford 2.5l,"Gasoline Engine and GM4L70 Transmission, with 120v Artic Package",AGI Ground Inc,XCED Aviation Services - TAS/ATS/AGI US,Regular,First of the Month,Operational
1005-078,6513396,"$1,231.00",Ford 2.5l,"Gasoline Engine and GM4L70 Transmission, with 120v Artic Package",AGI Ground Inc,XCED Aviation Services - TAS/ATS/AGI US,Regular,First of the Month,Operational
1005-078,6513397,"$1,231.00",Ford 2.5l,"Gasoline Engine and GM4L70 Transmission, with 120v Artic Package",AGI Ground Inc,XCED Aviation Services - TAS/ATS/AGI US,Regular,First of the Month,Operational
1005-078,6513398,"$1,231.00",Ford 2.5l,"Gasoline Engine and GM4L70 Transmission, with 120v Artic Package",AGI Ground Inc,XCED Aviation Services - TAS/ATS/AGI US,Regular,First of the Month,Operational
1005-078,6513400,"$1,231.00",Ford 2.5l,"Gasoline Engine and GM4L70 Transmission, with 120v Artic Package",AGI Ground Inc,XCED Aviation Services - TAS/ATS/AGI US,Regular,First of the Month,Operational
1016-002,136,$212.00,Beltloader,"Notified by Kristopher via email, 1995 Model 660",AGI Ground Inc,XCED Aviation Services - TAS/ATS/AGI US,Regular,First of the Month,Operational
1016-002,2020777,$396.00,TUG MA50-28,,AGI Ground Inc,XCED Aviation Services - TAS/ATS/AGI US,Regular,First of the Month,Operational
1016-003,2020776,$393.00,Baggage Tractor,2016 Tug MA50-28,AGI Ground Inc,XCED Aviation Services - TAS/ATS/AGI US,Regular,First of the Month,Operational
1016-003,6510427,$426.00,Beltloader,"Notified by Kristopher via email, 2016 Tug 660",AGI Ground Inc,XCED Aviation Services - TAS/ATS/AGI US,Regular,First of the Month,Operational
1016-005,B25016061,"$1,291.00",Tractor,"Notified by Kristopher via email, B250 with Perkins 1104D-44T Stage 3A/Tier 3 engine",AGI Ground Inc,XCED Aviation Services - TAS/ATS/AGI US,Regular,First of the Month,Operational
1016-007,T40607,"$3,899.00",Super Load,929: 225inch Bridge x 225inch Elevator x 125inc Wide Dual Rotate Elevator,AGI Cargo LLC,XCED Aviation Services - TAS/ATS/AGI US,Regular,First of the Month,Operational
1016-011,T35636,"$3,578.00",Pushback Tractor,TMX650,AGI Ground Inc,XCED Aviation Services - TAS/ATS/AGI US,Regular,First of the Month,Operational
1016-012,R716005,"$2,287.00",Cargo Loader,Ranger Wide Cargo Loader with option,AGI Ground Inc,XCED Aviation Services - TAS/ATS/AGI US,Regular,First of the Month,Operational
1016-016,B120016012,"$4,126.00",Tow Tractor,B1200 QSC8.3 Tier 3 Engine,AGI Ground Inc,XCED Aviation Services - TAS/ATS/AGI US,Regular,First of the Month,Operational
1016-017,B120016013,"$4,126.00",Tractor,JBT B1200 with cummins QSC8.3 Tier 3 engine,AGI Ground Inc,XCED Aviation Services - TAS/ATS/AGI US,Regular,First of the Month,Operational
1016-018,137-9864,$438.00,Tow Tractor Model,"Charlatte Electric Tow Model T137-V3, Deka battery, 500AH, Battery S/N 1798LF",AGI Ground Inc,XCED Aviation Services - TAS/ATS/AGI US,Regular,First of the Month,Operational
1016-018,137-9865,$438.00,Tow Tractor Model,"Charlatte Electric Tow Model T137-V3, Deka battery, 500AH, Battery S/N 1797LF",AGI Ground Inc,XCED Aviation Services - TAS/ATS/AGI US,Regular,First of the Month,Operational
1016-019,CPT17001,"$1,100.00",Transporter,JBT CPT7,AGI Cargo LLC,XCED Aviation Services - TAS/ATS/AGI US,Regular,First of the Month,Operational
1016-019,CPT17002,"$1,100.00",Transporter,JBT CPT7,AGI Cargo LLC,XCED Aviation Services - TAS/ATS/AGI US,Regular,First of the Month,Operational
1016-022,T41901,"$1,869.00",Air Start Unit,ASU-600-180-CUP,AGI Ground Inc,XCED Aviation Services - TAS/ATS/AGI US,Regular,First of the Month,Operational
1016-024,2021266,$428.00,Ford 2.5L,"2017 Tug MA50-28, GM4L70 Transmission",AGI Cargo LLC,XCED Aviation Services - TAS/ATS/AGI US,Regular,First of the Month,Operational
1016-024,6510938,$518.00,Belt Loader,2016 Tug 660,AGI Cargo LLC,XCED Aviation Services - TAS/ATS/AGI US,Regular,First of the Month,Operational
1016-024,C15i16078,"$2,165.00",Wide Tier 4F,2016 JBT C15i,AGI Cargo LLC,XCED Aviation Services - TAS/ATS/AGI US,Regular,First of the Month,Operational
1016-024,C30i17007,"$3,758.00",Standard Tier 4F,"Notified by Kristopher via email, 2017 JBT C30",AGI Cargo LLC,XCED Aviation Services - TAS/ATS/AGI US,Regular,First of the Month,Operational
1016-025,B120017002,"$3,976.00",Pushback Tractor,New JBT B1200,AGI Cargo LLC,XCED Aviation Services - TAS/ATS/AGI US,Regular,First of the Month,Operational
1016-026,137-9862,$493.00,Baggage Tractor,"Tractor Model T137, DEKA Battery, 500AH, Battery S/N 2496HF",AGI Ground Inc,XCED Aviation Services - TAS/ATS/AGI US,Regular,First of the Month,Operational
1016-027,262238,$334.00,Beltloader,A208428D with added Safety Rails,AGI Ground Inc,XCED Aviation Services - TAS/ATS/AGI US,Regular,First of the Month,Operational
1016-027,269216,$334.00,Beltloader,A208428D with added Safety Rails,AGI Ground Inc,XCED Aviation Services - TAS/ATS/AGI US,Regular,First of the Month,Operational
1016-028,1FDUF4GYXHEE35170,"$1,299.00",Lavatory Service Truck,SLS-450PL with Cold Weather kit,AGI Ground Inc,XCED Aviation Services - TAS/ATS/AGI US,Regular,First of the Month,Operational
1016-029,2021487,$551.00,Tow Tractor,Tug MA50-28,AGI Ground Inc,XCED Aviation Services - TAS/ATS/AGI US,Regular,First of the Month,Operational
1016-029,2021488,$551.00,Tow Tractor,Tug MA50-28,AGI Ground Inc,XCED Aviation Services - TAS/ATS/AGI US,Regular,First of the Month,Operational
1016-029,217PS21795,$930.00,GPU 90 KVA,,AGI Ground Inc,XCED Aviation Services - TAS/ATS/AGI US,Regular,First of the Month,Operational
1016-029,B25016070,"$1,687.00",Tow Tractor,B250Tier 4 Engine w/options,AGI Ground Inc,XCED Aviation Services - TAS/ATS/AGI US,Regular,First of the Month,Operational
1016-030,ARE119,$368.00,Baggage Tractor,Fefurbished MA50,AGI Ground Inc,XCED Aviation Services - TAS/ATS/AGI US,Regular,First of the Month,Operational
1016-030,ARE121,$368.00,Baggage Tractor,Fefurbished MA50,AGI Ground Inc,XCED Aviation Services - TAS/ATS/AGI US,Regular,First of the Month,Operational
1016-031,269224,$357.00,Belt Loader,A234710D with Safety Rails,AGI Ground Inc,XCED Aviation Services - TAS/ATS/AGI US,Regular,First of the Month,Operational
1016-031,277881,$357.00,Belt Loader,A234710D with Safety Rails,AGI Ground Inc,XCED Aviation Services - TAS/ATS/AGI US,Regular,First of the Month,Operational
1016-031,277882,$357.00,Belt Loader,"Notified by Kristopher, returned Invoice // A234710D with Safety Rails",AGI Ground Inc,XCED Aviation Services - TAS/ATS/AGI US,Regular,First of the Month,Operational
1016-031,277883,$357.00,Belt Loader,"Notified by Kristopher, returned Invoice // A234710D with Safety Rails",AGI Ground Inc,XCED Aviation Services - TAS/ATS/AGI US,Regular,First of the Month,Operational
1016-032,CT5G-111,$567.00,Baggage Tractor,Demo CT5G Gas,AGI Ground Inc,XCED Aviation Services - TAS/ATS/AGI US,Regular,First of the Month,Operational
1016-033,13710276,$459.00,Tow Tractor,"AC Electric Tractor, Model T137-V3",AGI Ground Inc,XCED Aviation Services - TAS/ATS/AGI US,Regular,First of the Month,Operational
1016-033,13710278,$459.00,Tow Tractor,"AC Electric Tractor, Model T137-V3",AGI Ground Inc,XCED Aviation Services - TAS/ATS/AGI US,Regular,First of the Month,Operational
1016-035,ARE122,$754.00,Pushback Tractor,"Tandem GSE, GTE32",AGI Ground Inc,XCED Aviation Services - TAS/ATS/AGI US,Regular,First of the Month,Operational
1016-037,417PS22207,"$1,100.00",Cummins,"2017 Hobart 140kVA, 400Hz GPU",AGI Ground Inc,XCED Aviation Services - TAS/ATS/AGI US,Regular,First of the Month,Operational
1016-037,B120016008,"$5,895.00",Cummins,"JBT B1200, QSC8.3 Tier 3 Engine",AGI Ground Inc,XCED Aviation Services - TAS/ATS/AGI US,Regular,First of the Month,Operational
1016-037,C15i17036,"$4,294.00",Cargo Loader,"2017 JBT, Diesel Engine, Tier 4",AGI Ground Inc,XCED Aviation Services - TAS/ATS/AGI US,Regular,First of the Month,Operational
1016-038,7B232,"$1,032.00",Flightline,7500lbs Drawbar Pull,AGI Ground Inc,XCED Aviation Services - TAS/ATS/AGI US,Regular,First of the Month,Operational
1016-038,C40i18043,"$6,965.00",Cargo Loader,2018 JBT C40i,AGI Ground Inc,XCED Aviation Services - TAS/ATS/AGI US,Regular,First of the Month,Operational
1016-039,5B196,$942.00,Tow Tractor,EB2-5G,AGI Cargo LLC,XCED Aviation Services - TAS/ATS/AGI US,Regular,First of the Month,Operational
1016-039,5B197,$943.00,Tow Tractor,EB2-5G,AGI Cargo LLC,XCED Aviation Services - TAS/ATS/AGI US,Regular,First of the Month,Operational
1016-040,T44197,"$1,517.00",TLD,2017 ACU-302-H-CUP,AGI Ground Inc,XCED Aviation Services - TAS/ATS/AGI US,Regular,First of the Month,Operational
1016-041,C15i17061,"$3,893.00",Commander,"Notified by Kristopher via Email, 15i Wide with Diesel Engine - Deutz TD 3.6 (74hp) Tier",AGI Ground Inc,XCED Aviation Services - TAS/ATS/AGI US,Regular,First of the Month,Operational
1016-041,C15i17064,"$3,894.00",Commander,15i Wide with Diesel Engine - Deutz TD 3.6 (74hp) Tier,AGI Ground Inc,XCED Aviation Services - TAS/ATS/AGI US,Regular,First of the Month,Operational
1016-042,13710849,$454.00,Tow Tractor,"Electric, Model T137-V3",AGI Ground Inc,XCED Aviation Services - TAS/ATS/AGI US,Regular,First of the Month,Operational
1016-042,13710852,$455.00,Tow Tractor,"Electric, Model T137-V3",AGI Ground Inc,XCED Aviation Services - TAS/ATS/AGI US,Regular,First of the Month,Operational
1016-043,T52033,"$1,165.00",Tier 4F,2018 TLD GPU-412-E-CUP,AGI Ground Inc,XCED Aviation Services - TAS/ATS/AGI US,Regular,First of the Month,Operational
1016-044,10876,$495.00,Tow Tractor,2018 Charlatte AC Electric Model T137-V3,AGI Ground Inc,XCED Aviation Services - TAS/ATS/AGI US,Regular,First of the Month,Operational
1016-044,10877,$495.00,Tow Tractor,2018 Charlatte AC Electric Model T137-V3,AGI Ground Inc,XCED Aviation Services - TAS/ATS/AGI US,Regular,First of the Month,Operational
1016-044,10880,$495.00,Tow Tractor,2018 Charlatte AC Electric Model T137-V3,AGI Ground Inc,XCED Aviation Services - TAS/ATS/AGI US,Regular,First of the Month,Operational
1016-044,10881,$495.00,Tow Tractor,2018 Charlatte AC Electric Model T137-V3,AGI Ground Inc,XCED Aviation Services - TAS/ATS/AGI US,Regular,First of the Month,Operational
1016-045,C15i18099,"$3,951.00",Deutz TD,Wide Diesel 3.6 74hp Tier 4,AGI Ground Inc,XCED Aviation Services - TAS/ATS/AGI US,Regular,First of the Month,Operational
1016-046,C15i18103,"$3,951.00",Commander,"Notified by Kristopher via Email, 15 Wide Cargo Loader",AGI Ground Inc,XCED Aviation Services - TAS/ATS/AGI US,Regular,First of the Month,Operational
1016-047,7B254,"$1,031.00",Tow Tractor,"EB2-7G 7500# Bobtail, Gas",AGI Ground Inc,XCED Aviation Services - TAS/ATS/AGI US,Regular,First of the Month,Operational
1016-048,C60i19001,"$9,570.00",Cummins,"QSB 4.5, 160HP EPA Tier 4",AGI Cargo LLC,XCED Aviation Services - TAS/ATS/AGI US,Regular,First of the Month,Operational
1016-050,5B232,"$1,016.00",Tow Tractor,EB2-5G Flightline,AGI Cargo LLC,XCED Aviation Services - TAS/ATS/AGI US,Regular,First of the Month,Operational
1016-051,13710878,$572.00,Tow Tractor,"Charlatte AC Electric, Model T137-V3",AGI Ground Inc,XCED Aviation Services - TAS/ATS/AGI US,Regular,First of the Month,Operational
1016-051,13710879,$572.00,Tow Tractor,"Charlatte AC Electric, Model T137-V3",AGI Ground Inc,XCED Aviation Services - TAS/ATS/AGI US,Regular,First of the Month,Operational
1016-053,ARE060,"$1,165.00",Airstart,Refurbished unit for narrow body TMAC 150,AGI Ground Inc,XCED Aviation Services - TAS/ATS/AGI US,Regular,First of the Month,Operational
1016-054,2022755,$657.00,Baggage Tractor,MA50-28,AGI Ground Inc,XCED Aviation Services - TAS/ATS/AGI US,Regular,First of the Month,Operational
1016-054,2022760,$657.00,Baggage Tractor,MA50-28,AGI Ground Inc,XCED Aviation Services - TAS/ATS/AGI US,Regular,First of the Month,Operational
1016-054,T55915,"$1,241.00",Air Conditioning Equipment,Model ACU-302-H-CUP,AGI Ground Inc,XCED Aviation Services - TAS/ATS/AGI US,Regular,First of the Month,Operational
1016-054,T57417,"$2,566.00",Starting Unit,ASU-600-180CUP,AGI Ground Inc,XCED Aviation Services - TAS/ATS/AGI US,Regular,First of the Month,Operational
1016-057,B65020001,"$3,454.00",Pushback Tractor,B650,AGI Cargo LLC,XCED Aviation Services - TAS/ATS/AGI US,Regular,First of the Month,Operational
1016-057,2023201,$616.00,Tow Tractor,Ford 2.5L Inline 4,AGI Cargo LLC,XCED Aviation Services - TAS/ATS/AGI US,Regular,First of the Month,Operational
1016-057,2023214,$616.00,Tow Tractor,Ford 2.5L Inline 4,AGI Cargo LLC,XCED Aviation Services - TAS/ATS/AGI US,Regular,First of the Month,Operational
1016-057,2023215,$616.00,Tow Tractor,Ford 2.5L Inline 4,AGI Cargo LLC,XCED Aviation Services - TAS/ATS/AGI US,Regular,First of the Month,Operational
1016-057,2023430,$616.00,Baggage Tow Tractor,MA50-28,AGI Cargo LLC,XCED Aviation Services - TAS/ATS/AGI US,Regular,First of the Month,Operational
1016-057,2023217,$616.00,Tow Tractor,Ford 2.5L Inline 4,AGI Cargo LLC,XCED Aviation Services - TAS/ATS/AGI US,Regular,First of the Month,Operational
1016-057,2023218,$616.00,Tow Tractor,Ford 2.5L Inline 4,AGI Cargo LLC,XCED Aviation Services - TAS/ATS/AGI US,Regular,First of the Month,Operational
1016-057,6512949,$798.00,Belt Loader,660-28,AGI Cargo LLC,XCED Aviation Services - TAS/ATS/AGI US,Regular,First of the Month,Operational
1016-057,C30i19085,"$6,049.00",Cargo Loader,Commander 30i Standard with cummings,AGI Cargo LLC,XCED Aviation Services - TAS/ATS/AGI US,Regular,First of the Month,Operational
1016-057,C30i20006,"$6,049.00",Cargo Loader,Commander 30i Standard,AGI Cargo LLC,XCED Aviation Services - TAS/ATS/AGI US,Regular,First of the Month,Operational
1016-057,T57416,"$3,118.00",Jet Start Unit,ASU-600-270-SCP,AGI Cargo LLC,XCED Aviation Services - TAS/ATS/AGI US,Regular,First of the Month,Operational
1016-057,T62863,"$1,175.00",T4F,GPU-414-E-CUP 140KVA,AGI Cargo LLC,XCED Aviation Services - TAS/ATS/AGI US,Regular,First of the Month,Operational
1016-058,1016-058-1,$670.00,Ford 2.5L,Gasoline Engine and GM4L70 Transmission,AGI Ground Inc,XCED Aviation Services - TAS/ATS/AGI US,Regular,First of the Month,Operational
1016-058,1016-058-2,$670.00,Ford 2.5L,Gasoline Engine and GM4L70 Transmission,AGI Ground Inc,XCED Aviation Services - TAS/ATS/AGI US,Regular,First of the Month,Operational
1016-060,119PS22983,"$1,215.00",Ford 6.8L,Gasoline Engine 90KVA,AGI Ground Inc,XCED Aviation Services - TAS/ATS/AGI US,Regular,First of the Month,Operational
1016-060,2021612,$682.00,Ford 2.5L,"Notified by Kristopher via email, Gasoline Engine & GM4L70 Transmission",AGI Ground Inc,XCED Aviation Services - TAS/ATS/AGI US,Regular,First of the Month,Operational
1016-060,2022759,$788.00,Ford 2.5L,"Notified by Kristohper via email, Gasoline Engine & GM4L70 Transmission",AGI Ground Inc,XCED Aviation Services - TAS/ATS/AGI US,Regular,First of the Month,Operational
1016-060,6510476,$629.00,Ford 2.5L,Return Notified by Kristopher via Sendback on 08/14/2025 // Gasoline Engine & GM4L70 Transmission,AGI Ground Inc,XCED Aviation Services - TAS/ATS/AGI US,Regular,First of the Month,Operational
1016-060,GT35A1662,"$1,758.00",Deutz TD/TDC,Diesel Engine,AGI Ground Inc,XCED Aviation Services - TAS/ATS/AGI US,Regular,First of the Month,Operational
1016-060,T55911,"$1,282.00",H Cup Cummings QSF 3.8L,Diesel Engine Tier 4F,AGI Ground Inc,XCED Aviation Services - TAS/ATS/AGI US,Regular,First of the Month,Operational
1016-49,B120018011,"$7,210.00",Pushback Tractor,B1200 with Cummins Tier 4F engine with cab - 135K lb,AGI Ground Inc,XCED Aviation Services - TAS/ATS/AGI US,Regular,First of the Month,Operational
20038-01,1836,"$7,817.50",Main Deck Loader,33K lbs,AGI Cargo LLC,Fortbrand Hold Co DBA Fortbrand Services LLC,Regular,First of the Month,Operational
20038-01,2080,"$7,817.50",Pushback / Tow Tractor,120k,AGI Cargo LLC,Fortbrand Hold Co DBA Fortbrand Services LLC,Regular,First of the Month,Operational
20038-02,100064,"$2,550.00",Transporter Loader,15.4 lbs,AGI Cargo LLC,Fortbrand Hold Co DBA Fortbrand Services LLC,Regular,First of the Month,Operational
20038-02,100065,"$2,550.00",Transporter Loader,15.4 lbs,AGI Cargo LLC,Fortbrand Hold Co DBA Fortbrand Services LLC,Regular,First of the Month,Operational
20038-03,100063,"$1,918.00",Lavatory Service Truck,Waste: 360 Gallon / Flush: 240,AGI Cargo LLC,Fortbrand Hold Co DBA Fortbrand Services LLC,Regular,First of the Month,Operational
20038-04,1839,"$8,275.50",Lavatory Service Truck,Waste: 360 Gallon / Flush: 240,AGI Ground Inc,Fortbrand Hold Co DBA Fortbrand Services LLC,Regular,First of the Month,Operational
20038-05,100077,"$1,945.00",Lavatory Service Truck,Waste: 360 Gallon / Flush: 240,AGI Cargo LLC,Fortbrand Hold Co DBA Fortbrand Services LLC,Regular,First of the Month,Operational
20038-06,100083,"$10,189.00",Main Deck Loader,33k lbs - W/APD,AGI Cargo LLC,Fortbrand Hold Co DBA Fortbrand Services LLC,Regular,First of the Month,Operational
20038-08,100084,"$2,747.36",Transporter Loader,15.4 lbs,AGI Cargo LLC,Fortbrand Hold Co DBA Fortbrand Services LLC,Regular,First of the Month,Operational
20038-08,100085,"$2,747.36",Transporter Loader,15.4 lbs,AGI Cargo LLC,Fortbrand Hold Co DBA Fortbrand Services LLC,Regular,First of the Month,Operational
20038-10,100092,"$7,386.00",Main Deck Loader,33k lbs,AGI Cargo LLC,Fortbrand Hold Co DBA Fortbrand Services LLC,Regular,First of the Month,Operational
20038-10,100096,"$5,083.00",Lower Deck Loader,15k lbs,AGI Cargo LLC,Fortbrand Hold Co DBA Fortbrand Services LLC,Regular,First of the Month,Operational
20038-11,100097,"$4,265.00",Air Start Unit,270 PPM,AGI Cargo LLC,Fortbrand Hold Co DBA Fortbrand Services LLC,Regular,First of the Month,Operational
20038-12,100156,"$12,221.53",Rapiscan,638dv 320kv-x X-Ray System,AGI Cargo LLC,Fortbrand Hold Co DBA Fortbrand Services LLC,Regular,First of the Month,Operational
20038-14,100109,"$8,275.50",Main Deck Loader,33k lbs,AGI Cargo LLC,Fortbrand Hold Co DBA Fortbrand Services LLC,Regular,First of the Month,Operational
20038-15,100118,"$2,056.05",GPU - 180KVA,,AGI Cargo LLC,Fortbrand Hold Co DBA Fortbrand Services LLC,Regular,First of the Month,Operational
20038-16,100161,"$1,947.06",Pushback Tractor,,AGI Cargo LLC,Fortbrand Hold Co DBA Fortbrand Services LLC,Regular,First of the Month,Operational
20066-01,100133,$888.00,Belt Loader,S/N 3488R,AGI Ground Inc,Fortbrand Hold Co DBA Fortbrand Services LLC,Regular,First of the Month,Operational
20066-01,100134,$888.00,Belt Loader,S/N 3676R,AGI Ground Inc,Fortbrand Hold Co DBA Fortbrand Services LLC,Regular,First of the Month,Operational
20066-01,100135,$139.11,Heavy Duty Closed Baggage Cart,S/N 201993,AGI Ground Inc,Fortbrand Hold Co DBA Fortbrand Services LLC,Regular,First of the Month,Operational
20066-01,100136,$139.11,Heavy Duty Closed Baggage Cart,S/N 201994,AGI Ground Inc,Fortbrand Hold Co DBA Fortbrand Services LLC,Regular,First of the Month,Operational
20066-01,100137,$139.11,Heavy Duty Closed Baggage Cart,S/N 201995,AGI Ground Inc,Fortbrand Hold Co DBA Fortbrand Services LLC,Regular,First of the Month,Operational
20066-01,100138,$139.11,Heavy Duty Closed Baggage Cart,S/N 201996,AGI Ground Inc,Fortbrand Hold Co DBA Fortbrand Services LLC,Regular,First of the Month,Operational
20066-01,100139,$139.11,Heavy Duty Closed Baggage Cart,S/N 201997,AGI Ground Inc,Fortbrand Hold Co DBA Fortbrand Services LLC,Regular,First of the Month,Operational
20066-01,100140,$139.11,Heavy Duty Closed Baggage Cart,S/N 201998,AGI Ground Inc,Fortbrand Hold Co DBA Fortbrand Services LLC,Regular,First of the Month,Operational
20066-01,100141,$139.11,Heavy Duty Closed Baggage Cart,S/N 201999,AGI Ground Inc,Fortbrand Hold Co DBA Fortbrand Services LLC,Regular,First of the Month,Operational
20066-01,100142,$139.11,Heavy Duty Closed Baggage Cart,S/N 202000,AGI Ground Inc,Fortbrand Hold Co DBA Fortbrand Services LLC,Regular,First of the Month,Operational
20066-01,100143,$139.12,Heavy Duty Closed Baggage Cart,S/N 202001,AGI Ground Inc,Fortbrand Hold Co DBA Fortbrand Services LLC,Regular,First of the Month,Operational
20066-01,2078,"$2,320.00",Pushback Tractor,S/N B25019032,AGI Ground Inc,Fortbrand Hold Co DBA Fortbrand Services LLC,Regular,First of the Month,Operational
20066-01,5234,$625.00,Baggage Tractor,S/N AV-10797-RB16,AGI Ground Inc,Fortbrand Hold Co DBA Fortbrand Services LLC,Regular,First of the Month,Operational
20066-03,100147,"$2,320.00",Pushback Tractor,S/N B25021008,AGI Ground Inc,Fortbrand Hold Co DBA Fortbrand Services LLC,Regular,First of the Month,Operational
20066-05,100119,"$2,056.05",GPU - 180KVA,S/N T71166,AGI Ground Inc,Fortbrand Hold Co DBA Fortbrand Services LLC,Regular,First of the Month,Operational
20066-06,100292,"$4,775.00",Lower Deck Loader,15k lbs - Wide,AGI Ground Inc,Fortbrand Hold Co DBA Fortbrand Services LLC,Regular,First of the Month,Operational
20088-05,100114,"$1,654.00",Lavatory Service Truck,Waste: 360 Gallon / Flush: 240,AGI Ground Inc,Fortbrand Services LLC Main-US,Regular,First of the Month,Operational
20088-06,5167,$752.00,Baggage Tractor,,AGI Ground Inc,Fortbrand Services LLC Main-US,Regular,First of the Month,Operational
20088-06,5184,$752.00,Baggage Tractor,,AGI Ground Inc,Fortbrand Services LLC Main-US,Regular,First of the Month,Operational
20088-06,5220,$752.00,Baggage Tractor,,AGI Ground Inc,Fortbrand Services LLC Main-US,Regular,First of the Month,Operational
20088-06,5224,$752.00,Baggage Tractor,,AGI Ground Inc,Fortbrand Services LLC Main-US,Regular,First of the Month,Operational
20088-06,5228,$752.00,Baggage Tractor,,AGI Ground Inc,Fortbrand Services LLC Main-US,Regular,First of the Month,Operational
20088-06,5245,$752.00,Baggage Tractor,,AGI Ground Inc,Fortbrand Services LLC Main-US,Regular,First of the Month,Operational
20088-06,5151,$752.00,Baggage Tractor,,AGI Ground Inc,Fortbrand Services LLC Main-US,Regular,First of the Month,Operational
20088-12,100418,"$1,025.00",Baggage Tractor,S/N T74516,AGI Ground Inc,Fortbrand Services LLC Main-US,Regular,First of the Month,Operational
20088-12,100419,"$1,025.00",Baggage Tractor,S/N T74517,AGI Ground Inc,Fortbrand Services LLC Main-US,Regular,First of the Month,Operational
20088-13,100420,"$1,025.00",Baggage Tractor,S/N T74518,AGI Ground Inc,Fortbrand Services LLC Main-US,Regular,First of the Month,Operational
20088-13,100421,"$1,025.00",Baggage Tractor,S/N T74519,AGI Ground Inc,Fortbrand Services LLC Main-US,Regular,First of the Month,Operational
20088-13,100422,"$1,025.00",Baggage Tractor,S/N T74522,AGI Ground Inc,Fortbrand Services LLC Main-US,Regular,First of the Month,Operational
20088-14,100438,"$2,185.00",Aircraft Tow Tractor,"Narrow and Medium Body - CRJ100 to 900ER, ATR 42/72, BAE 146",AGI Ground Inc,Fortbrand Services LLC Main-US,Regular,First of the Month,Operational
20088-18,101603,"$1,644.30",Electric Baggage Tractor,S/N T86998,AGI Ground Inc,Fortbrand Hold Co DBA Fortbrand Services LLC,Regular,First of the Month,Operational
20088-18,101606,"$1,644.30",Electric Baggage Tractor,S/N T87001,AGI Ground Inc,Fortbrand Hold Co DBA Fortbrand Services LLC,Regular,First of the Month,Operational
20088-18,101607,"$1,644.30",Electric Baggage Tractor,S/N T87002,AGI Ground Inc,Fortbrand Hold Co DBA Fortbrand Services LLC,Regular,First of the Month,Operational
20088-18,101608,"$1,644.30",Electric Baggage Tractor,S/N T87004,AGI Ground Inc,Fortbrand Hold Co DBA Fortbrand Services LLC,Regular,First of the Month,Operational
20088-18,101614,"$1,644.30",Electric Baggage Tractor,S/N T86982,AGI Ground Inc,Fortbrand Hold Co DBA Fortbrand Services LLC,Regular,First of the Month,Operational
20088-18,101615,"$1,644.30",Electric Baggage Tractor,S/N T86983,AGI Ground Inc,Fortbrand Hold Co DBA Fortbrand Services LLC,Regular,First of the Month,Operational
2113-001,85609,$583.05,Diesel Lift Truck,Linde H80D/900 Used 2008,AGI Cargo LLC,Harbor Capital Leasing LLC,Regular,First of the Month,Operational
2113-001,85617,$583.05,Diesel Lift Truck,Linde H80D/900 Used 2008,AGI Cargo LLC,Harbor Capital Leasing LLC,Regular,First of the Month,Operational
2113-001,85618,$583.05,Diesel Lift Truck,Linde H80D/900 Used 2008,AGI Cargo LLC,Harbor Capital Leasing LLC,Regular,First of the Month,Operational
2113-001,85619,$583.05,Diesel Lift Truck,Linde H80D/900 Used 2008,AGI Cargo LLC,Harbor Capital Leasing LLC,Regular,First of the Month,Operational
2113-001,M1575,"$1,883.38",Diesel Lift Truck,Linde H80D/900 Used 2008,AGI Cargo LLC,Harbor Capital Leasing LLC,Regular,First of the Month,Operational
2113-001,M1574,"$1,883.38",Diesel Lift Truck,Linde H80D/900 Used 2008,AGI Cargo LLC,Harbor Capital Leasing LLC,Regular,First of the Month,Operational
2113-002,88727,$585.39,Lift Truck,Toyota 8FGCU25,AGI Cargo LLC,Harbor Capital Leasing LLC,Regular,First of the Month,Operational
2113-002,88728,$585.39,Lift Truck,Toyota 8FGCU25,AGI Cargo LLC,Harbor Capital Leasing LLC,Regular,First of the Month,Operational
2120-002,G024V02279N,$966.66,Forklift,Hyster S155FT 15500#,AGI Cargo LLC,Harbor Capital Leasing LLC,Regular,First of the Month,Operational
2120-002,H187V02151N,$335.05,Forklift,Hyster S50FT 5000#,AGI Cargo LLC,Harbor Capital Leasing LLC,Regular,First of the Month,Operational
2120-002,H187V02152N,$335.05,Forklift,Hyster S50FT 5000#,AGI Cargo LLC,Harbor Capital Leasing LLC,Regular,First of the Month,Operational
2120-002,H187V02153N,$335.05,Forklift,Hyster S50FT 5000#,AGI Cargo LLC,Harbor Capital Leasing LLC,Regular,First of the Month,Operational
2120-003,G024V04693V,"$1,094.48",Lift Truck with Hang-On SSFP,Hyster S155FT 2021,AGI Cargo LLC,Harbor Capital Leasing LLC,Regular,First of the Month,Operational
2120-003,G024V04703V,"$1,094.48",Lift Truck with Hang-On SSFP,Hyster S155FT 2021,AGI Cargo LLC,Harbor Capital Leasing LLC,Regular,First of the Month,Operational
2120-003,G024V04704V,"$1,094.48",Lift Truck with Hang-On SSFP,Hyster S155FT 2021,AGI Cargo LLC,Harbor Capital Leasing LLC,Regular,First of the Month,Operational
2120-003,G024V04705V,"$1,094.48",Lift Truck with Hang-On SSFP,Hyster S155FT 2021,AGI Cargo LLC,Harbor Capital Leasing LLC,Regular,First of the Month,Operational
50345992-10000326006,8FGC70U-11073,$856.25,,,AGI Cargo LLC,Toyota Commercial Finance -TAS,Regular,First of the Month,Operational
50383859-10000356435,8FG80U-20020,"$1,170.82",,,AGI Cargo LLC,Toyota Commercial Finance -TAS,Regular,First of the Month,Operational
50406105-10000372712,8FGC70U-20096,$865.28,,,AGI Cargo LLC,Toyota Commercial Finance -TAS,Regular,First of the Month,Operational
ACU-804,ACU-804,"$2,483.00",,,AGI Cargo LLC,"Charter America Holdings, Inc.",Regular,First of the Month,Operational
B120022005,B120022005,"$7,700.00",,Return Notified via Sendback by Kristopher Cabrera om 09/25,AGI Cargo LLC,"Charter America Holdings, Inc.",Regular,First of the Month,Operational
B25023014,B25023014,"$2,698.00",,B-250,AGI Ground Inc,"Charter America Holdings, Inc.",Regular,First of the Month,Operational
B25023036,B25023036,"$2,698.00",,,AGI Ground Inc,"Charter America Holdings, Inc.",Regular,First of the Month,Operational
C30i18060,C30i18060,"$7,566.00",,,AGI Cargo LLC,"Charter America Holdings, Inc.",Regular,First of the Month,Operational
C30i21006,C30i21006,"$7,566.00",,,AGI Cargo LLC,"Charter America Holdings, Inc.",Regular,First of the Month,Operational
T47948,T47948,"$2,800.00",,,AGI Cargo LLC,"Charter America Holdings, Inc.",Regular,First of the Month,Operational
T57324,T57324,"$2,200.00",,,AGI Ground Inc,"Charter America Holdings, Inc.",Regular,First of the Month,Operational
TA-1001,TA-1001,$652.00,,,AGI Cargo LLC,Fortbrand Hold Co DBA Fortbrand Services LLC,Regular,First of the Month,Operational
20088-01,100157,"$5,660.00",,,AGI Ground Inc,Fortbrand Services LLC Main-US,Seasonal,Net-30,Operational
1163,1163,"$1,384.00",,2000lb Model NLB Year 2007,AGI Ground Inc,"GSE Rentals, Inc.",Regular,Net-30,Operational
1170,1170,"$1,384.00",,2000lb Model NLB Year 2007,AGI Ground Inc,"GSE Rentals, Inc.",Regular,Net-30,Operational
1623,2056,"$1,365.00",,Narrow and medium body - CRJ100,AGI Ground Inc,Fortbrand Services LLC Main-US,Regular,Net-30,Operational
8612,8612,"$1,023.00",,Stock No 7622,AGI Ground Inc,"GSE Rentals, Inc.",Regular,Net-30,Operational
9013,9013,$844.00,,Model 15F2820 Narrow Body,AGI Ground Inc,"GSE Rentals, Inc.",Regular,Net-30,Operational
9495,9495,"$1,023.00",,Stock No 5928,AGI Ground Inc,"GSE Rentals, Inc.",Regular,Net-30,Operational
10398,10398,"$3,820.00",,,AGI Ground Inc,"GSE Rentals, Inc.",Regular,Net-30,Operational
14007,14007,"$8,532.00",,S/N B12DZ01023,AGI Ground Inc,"GSE Rentals, Inc.",Regular,Net-30,Operational
401090,401090,$0.12,,Charge per Mile,AGI Post Inc,Penske Truck Leasing AGI Post-0779-10,Regular,Net-30,Operational
403127,403127,$0.12,,Charge per Mile,AGI Post Inc,Penske Truck Leasing AGI Post-0779-10,Regular,Net-30,Operational
403128,403128,$0.12,,Charge per Mile,AGI Post Inc,Penske Truck Leasing AGI Post-0779-10,Regular,Net-30,Operational
403129,403129,$0.12,,Charge per Mile,AGI Post Inc,Penske Truck Leasing AGI Post-0779-10,Regular,Net-30,Operational
403130,403130,$0.12,,Charge per Mile,AGI Post Inc,Penske Truck Leasing AGI Post-0779-10,Regular,Net-30,Operational
403139,403139,$0.12,,Charge per Mile,AGI Post Inc,Penske Truck Leasing AGI Post-0779-10,Regular,Net-30,Operational
403140,403140,$0.12,,Charge per Mile,AGI Post Inc,Penske Truck Leasing AGI Post-0779-10,Regular,Net-30,Operational
403194,403194,$0.12,,Charge per Mile,AGI Post Inc,Penske Truck Leasing AGI Post-0779-10,Regular,Net-30,Operational
439059,439059,$825.00,,,AGI Post Inc,Penske Truck Leasing AGI Post-0779-10,Regular,Net-30,Operational
488432,488432,$0.12,,Charge per Mile,AGI Post Inc,Penske Truck Leasing AGI Post-0779-10,Regular,Net-30,Operational
546356,546356,$0.12,,Charge per Mile,AGI Post Inc,Penske Truck Leasing AGI Post-0779-10,Regular,Net-30,Operational
699723,699723,$505.92,,,AGI Post Inc,Penske Truck Leasing AGI Post-0779-10,Regular,Net-30,Operational
10002787,282332,$775.00,,,AGI Post Inc,Penske Truck Leasing AGI Post-0779-10,Regular,Net-30,Operational
10860302,303351,$-,,3AKJGEDV5JSJH2052 Freightliner,AGI Post Inc,Penske Truck Leasing AGI Post-0779-10,Regular,Net-30,Operational
10921573,220952,$-,,3HSDWTZR5KN180077 International 4002,AGI Post Inc,Penske Truck Leasing AGI Post-0779-10,Regular,Net-30,Operational
11968487,384058,$825.00,,,AGI Post Inc,Penske Truck Leasing AGI Post-0779-10,Regular,Net-30,Operational
98807014,419405,$775.00,,,AGI Post Inc,Penske Truck Leasing AGI Post-0779-10,Regular,Net-30,Operational
98941403,256717,$775.00,,,AGI Post Inc,Penske Truck Leasing AGI Post-0779-10,Regular,Net-30,Operational
1001725936,WSI125613796,$789.00,,S/N MDS-609985,AGI Cargo LLC,Williams Scotsman,Regular,Net-30,Operational
1001893953,BS40AEZS7017,$277.19,,,AGI Cargo LLC,Williams Scotsman,Regular,Net-30,Operational
6424108384,A11319J00036,"$1,195.00",,,AGI Cargo LLC,Wolter Inc,Regular,Net-30,Operational
6424108384,A11319M00016,"$1,195.00",,,AGI Cargo LLC,Wolter Inc,Regular,Net-30,Operational
6424108385,FGA0R179001235,"$1,195.00",,,AGI Cargo LLC,Wolter Inc,Regular,Net-30,Operational
6424108510,A11319M00351,"$1,195.00",,,AGI Cargo LLC,Wolter Inc,Regular,Net-30,Operational
6424108510,294232,"$1,195.00",,,AGI Cargo LLC,Wolter Inc,Regular,Net-30,Operational
6424108510,A11319M00272,"$1,195.00",,,AGI Cargo LLC,Wolter Inc,Regular,Net-30,Operational
6424108515,A11319J00031,"$1,195.00",,,AGI Cargo LLC,Wolter Inc,Regular,Net-30,Operational
6424108515,A11319M00371,"$1,195.00",,,AGI Cargo LLC,Wolter Inc,Regular,Net-30,Operational
6424108515,294234,"$1,195.00",,,AGI Cargo LLC,Wolter Inc,Regular,Net-30,Operational
6425108837,A11319M00352,"$1,195.00",,,AGI Cargo LLC,Wolter Inc,Regular,Net-30,Operational
SUP-00273,SUP-00273,$-,,Lease for unit related charges no unit number or lease included,AGI Post Inc,Penske Truck Leasing AGI Post-0779-10,Regular,Net-30,Operational
1005-044,T40997,"$1,059.00",,TMX-150,AGI Ground Inc,XCED Aviation Services - TAS/ATS/AGI US,Regular,Net-30,Operational
1016-034,C60i17003,"$7,954.00",,Commander 60i,AGI Cargo LLC,XCED Aviation Services - TAS/ATS/AGI US,Regular,Net-30,Operational
1016-036,279188,$390.00,,"Notified by Kristopher via Email, Walk Behin with Safety Rails",AGI Ground Inc,XCED Aviation Services - TAS/ATS/AGI US,Regular,Net-30,Operational
1016-036,280551,$390.00,,"Notified by Kristopher via Email, Walk Behin with Safety Rails",AGI Ground Inc,XCED Aviation Services - TAS/ATS/AGI US,Regular,Net-30,Operational
1016-036,2021552,$597.00,,"Notified by Kristopher via Email, TUG MA50 Including freight",AGI Ground Inc,XCED Aviation Services - TAS/ATS/AGI US,Regular,Net-30,Operational
1016-036,2021553,$597.00,,"Notified by Kristopher via Email, TUG MA50 Including freight",AGI Ground Inc,XCED Aviation Services - TAS/ATS/AGI US,Regular,Net-30,Operational
1016-036,2021554,$597.00,,"Notified by Kristopher via Email, TUG MA50 Including freight",AGI Ground Inc,XCED Aviation Services - TAS/ATS/AGI US,Regular,Net-30,Operational
1016-036,2021555,$597.00,,"Notified by Kristopher via Email, TUG MA50 Including freight",AGI Ground Inc,XCED Aviation Services - TAS/ATS/AGI US,Regular,Net-30,Operational
1016-036,2021556,$597.00,,"Notified by Kristopher via Email, TUG MA50 Including freight",AGI Ground Inc,XCED Aviation Services - TAS/ATS/AGI US,Regular,Net-30,Operational
1016-036,1FDRF3G65HEE73842,$995.00,,Model F350 XL Super Duty,AGI Ground Inc,XCED Aviation Services - TAS/ATS/AGI US,Regular,Net-30,Operational
1016-036,2021557,$597.00,,"Notified by Kristopher via Email, TUG MA50 Including freight",AGI Ground Inc,XCED Aviation Services - TAS/ATS/AGI US,Regular,Net-30,Operational
1016-036,2021558,$597.00,,"Notified by Kristopher via Email, TUG MA50 Including freight",AGI Ground Inc,XCED Aviation Services - TAS/ATS/AGI US,Regular,Net-30,Operational
1016-036,2021559,$597.00,,"Notified by Krtistopher via Email, TUG MA50 Including freight",AGI Ground Inc,XCED Aviation Services - TAS/ATS/AGI US,Regular,Net-30,Operational
1016-036,279186,$390.00,,"Notified by Kristopher via Email, Walk Behin with Safety Rails",AGI Ground Inc,XCED Aviation Services - TAS/ATS/AGI US,Regular,Net-30,Operational
1016-036,279187,$390.00,,"Notified by Kristopher via Email, Walk Behin with Safety Rails",AGI Ground Inc,XCED Aviation Services - TAS/ATS/AGI US,Regular,Net-30,Operational
1016-036,317PS22038,"$1,013.00",,90kVA GPU,AGI Ground Inc,XCED Aviation Services - TAS/ATS/AGI US,Regular,Net-30,Operational
1016-036,6511524,$750.00,,"Notified by Kristopher via Email, Tug 660",AGI Ground Inc,XCED Aviation Services - TAS/ATS/AGI US,Regular,Net-30,Operational
1016-036,6511528,$750.00,,"Notified by Kristopher via Email, Tug 660-28",AGI Ground Inc,XCED Aviation Services - TAS/ATS/AGI US,Regular,Net-30,Operational
1016-036,B35017060,"$2,127.00",,"Notified by Kristopher via Email, B350",AGI Ground Inc,XCED Aviation Services - TAS/ATS/AGI US,Regular,Net-30,Operational
1016-036,B35017061,"$2,127.00",,B350,AGI Ground Inc,XCED Aviation Services - TAS/ATS/AGI US,Regular,Net-30,Operational
1016-036,TMD180-678,"$2,015.00",,TUG TMD-180,AGI Ground Inc,XCED Aviation Services - TAS/ATS/AGI US,Regular,Net-30,Operational
19-10298,19-10298,"$5,329.50",,,AGI Ground Inc,Alliance Funding Group,Regular,Net-30,Operational
19-10302,19-10302,"$3,567.32",,,AGI Ground Inc,Pawnee Equipment Receivables LLC,Regular,Net-30,Operational
20066-02,100144,$589.66,,,AGI Ground Inc,Fortbrand Hold Co DBA Fortbrand Services LLC,Regular,Net-30,Operational
20066-02,100145,$589.67,,,AGI Ground Inc,Fortbrand Hold Co DBA Fortbrand Services LLC,Regular,Net-30,Operational
20066-02,100146,$589.67,,,AGI Ground Inc,Fortbrand Hold Co DBA Fortbrand Services LLC,Regular,Net-30,Operational
301-0180876-001,B910V02068M,"$1,182.06",,GLC050VXNVSE083,AGI Cargo LLC,Wells Fargo 301-0180876-002,Regular,Net-30,Operational
301-0180876-001,B910V02066M,"$1,182.06",,GLC050VXNVSE083,AGI Cargo LLC,Wells Fargo 301-0180876-002,Regular,Net-30,Operational
301-0180876-001,B910V02065M,"$1,182.06",,GLC050VXNVSE083,AGI Cargo LLC,Wells Fargo 301-0180876-002,Regular,Net-30,Operational
301-0180876-002,J813V02756M,$773.92,,GLP120VXNGHE096,AGI Ground Inc,Wells Fargo 301-0180876-002,Regular,Net-30,Operational
395063,395063,$0.12,,26FT,AGI Post Inc,Penske Truck Leasing AGI Post-0779-10,Regular,Net-30,Operational
395461,395461,$0.12,,26FT,AGI Post Inc,Penske Truck Leasing AGI Post-0779-10,Regular,Net-30,Operational
400-8722246-014,H360HD2,$902.88,,S/N F019E02020C,AGI Cargo LLC,"HYG Financial Services, INC.",Regular,Net-30,Operational
403117,403117,$0.12,,Charge per Mile,AGI Post Inc,Penske Truck Leasing AGI Post-0779-10,Regular,Net-30,Operational
403145,403145,$0.12,,Charge per Mile,AGI Post Inc,Penske Truck Leasing AGI Post-0779-10,Regular,Net-30,Operational
50340148-10000322312,8FGCU25-96604,$328.76,,Location Chicago Cook Il,AGI Cargo LLC,Toyota Commercial Finance -TAS,Regular,Net-30,Operational
50340148-10000322313,8FGCU25-96475,$328.76,,Location Chicago Cook Il,AGI Cargo LLC,Toyota Commercial Finance -TAS,Regular,Net-30,Operational
50340148-10000322314,8FGCU25-96500,$328.76,,Location Chicago Cook Il,AGI Cargo LLC,Toyota Commercial Finance -TAS,Regular,Net-30,Operational
50340148-10000322315,8FGCU25-96388,$328.76,,Location Chicago Cook Il,AGI Cargo LLC,Toyota Commercial Finance -TAS,Regular,Net-30,Operational
50340148-10000322316,8FGCU25-96498,$328.76,,Location Chicago Cook Il,AGI Cargo LLC,Toyota Commercial Finance -TAS,Regular,Net-30,Operational
50340148-10000322317,8FGCU25-96416,$328.76,,Location Chicago Cook Il,AGI Cargo LLC,Toyota Commercial Finance -TAS,Regular,Net-30,Operational
50340148-10000322318,8FGCU25-96545,$328.76,,Location Chicago Cook Il,AGI Cargo LLC,Toyota Commercial Finance -TAS,Regular,Net-30,Operational
50340148-10000322319,8FGCU25-96419,$328.76,,Location Chicago Cook Il,AGI Cargo LLC,Toyota Commercial Finance -TAS,Regular,Net-30,Operational
50340148-10000322320,8FGCU25-96546,$328.76,,Location Chicago Cook Il,AGI Cargo LLC,Toyota Commercial Finance -TAS,Regular,Net-30,Operational
50340148-10000322321,8FGCU25-96474,$328.76,,Location Chicago Cook Il,AGI Cargo LLC,Toyota Commercial Finance -TAS,Regular,Net-30,Operational
50344350-10000324653,8FGC70U-11032,$328.76,,Location Chicago Cook Il,AGI Cargo LLC,Toyota Commercial Finance -TAS,Regular,Net-30,Operational
50344757-10000324950,8FGCU25-98698,$328.76,,Location Chicago Cook Il,AGI Cargo LLC,Toyota Commercial Finance -TAS,Regular,Net-30,Operational
50344757-10000324951,8FGCU25-98711,$328.76,,Location Chicago Cook Il,AGI Cargo LLC,Toyota Commercial Finance -TAS,Regular,Net-30,Operational
50344757-10000324952,8FGCU25-98695,$328.76,,Location Chicago Cook Il,AGI Cargo LLC,Toyota Commercial Finance -TAS,Regular,Net-30,Operational
50344757-10000324953,8FGCU25-98687,$328.76,,Location Chicago Cook Il,AGI Cargo LLC,Toyota Commercial Finance -TAS,Regular,Net-30,Operational
50344757-10000324954,8FGCU25-98689,$328.76,,Location Chicago Cook Il,AGI Cargo LLC,Toyota Commercial Finance -TAS,Regular,Net-30,Operational
50344843-10000325013,8FGC70U-11099,$328.76,,Location Chicago Cook Il,AGI Cargo LLC,Toyota Commercial Finance -TAS,Regular,Net-30,Operational
50380499-10000353912,8FGCU25-06471,$507.11,,,AGI Cargo LLC,Toyota Commercial Finance -TAS,Regular,Net-30,Operational
50380499-10000353913,8FGCU25-06470,$507.11,,,AGI Cargo LLC,Toyota Commercial Finance -TAS,Regular,Net-30,Operational
50380499-10000353914,8FGCU25-06473,$507.11,,,AGI Cargo LLC,Toyota Commercial Finance -TAS,Regular,Net-30,Operational
50381732-10000354782,8FGCU25-06479,$507.11,,,AGI Cargo LLC,Toyota Commercial Finance -TAS,Regular,Net-30,Operational
50381732-10000354783,8FGCU25-06476,$507.11,,,AGI Cargo LLC,Toyota Commercial Finance -TAS,Regular,Net-30,Operational
50381732-10000354784,8FGCU25-06475,$507.11,,,AGI Cargo LLC,Toyota Commercial Finance -TAS,Regular,Net-30,Operational
50381732-10000354785,8FGCU25-06477,$507.11,,,AGI Cargo LLC,Toyota Commercial Finance -TAS,Regular,Net-30,Operational
50381732-10000354786,8FGCU25-06603,$507.11,,,AGI Cargo LLC,Toyota Commercial Finance -TAS,Regular,Net-30,Operational
50381732-10000354787,8FGCU25-06478,$507.11,,,AGI Cargo LLC,Toyota Commercial Finance -TAS,Regular,Net-30,Operational
50381732-10000354788,8FGCU25-06605,$507.11,,,AGI Cargo LLC,Toyota Commercial Finance -TAS,Regular,Net-30,Operational
50383859-10000356436,8FG80U-20025,"$1,170.82",,,AGI Cargo LLC,Toyota Commercial Finance -TAS,Regular,Net-30,Operational
50399459-10000367784,8FGCU25-73402,$412.36,,,AGI Cargo LLC,Toyota Commercial Finance -TAS,Regular,Net-30,Operational
CONTRACT-RAR-001462,AT89B10639,"$2,997.00",,,AGI Cargo LLC,Eagle Mark 4 Equipment Inc,Regular,Net-30,Operational
CONTRACT-RAR-001462,AT89B10801,"$2,997.00",,,AGI Cargo LLC,Eagle Mark 4 Equipment Inc,Regular,Net-30,Operational
CONTRACT-RAR-001462,AT89B10870,"$2,997.00",,,AGI Cargo LLC,Eagle Mark 4 Equipment Inc,Regular,Net-30,Operational
RC000049,CL14521,"$9,966.88",,Com 15 Standard,AGI Ground Inc,Mercury GSE,Regular,Net-30,Operational
RC000282,AS16034,"$11,995.00",,,AGI Cargo LLC,Mercury GSE,Regular,Net-30,Operational
RLT0032,RLT0032,"$1,385.00",,0-3kw Led Vert Mast,AGI Cargo LLC,Mercury GSE,Regular,Net-30,Operational
RLT0033,RLT0033,"$1,385.00",,0-3kw Led Vert Mast,AGI Cargo LLC,Mercury GSE,Regular,Net-30,Operational
RSA071867,EQ0064092,$750.00,,S/N H187V04391P,AGI Cargo LLC,"Alta Equipment Holdings, Inc DBA Alta Industrial Equipment Co",Regular,Net-30,Operational
RSA072226,EQ0064570,$750.00,,S/N F187V21097K,AGI Cargo LLC,"Alta Equipment Holdings, Inc DBA Alta Industrial Equipment Co",Regular,Net-30,Operational
TBL280-LAX,TBL280-LAX,"$6,800.00",,,AGI Ground Inc,Aero Ground Solutions LLC,Regular,Net-30,Operational
TX169783,TX169783,$875.00,,"CGC470L-0002-9984, 8000lb",AGI Cargo LLC,"Equipment Depot Texas, Inc.",Regular,Net-30,Operational
UF2649,UF2649,"$1,890.00",,S/N  G019E01884F-01,AGI Cargo LLC,Pape Material Handling - TAS/AGI/ATS,Regular,Net-30,Operational
W936861,CPX-74786,"$4,185.34",,,AGI Cargo LLC,Williams Scotsman,Regular,Net-30,Operational
12552296,51013,$775.00,,"Model LT625, S/N 3HCDZAPR6LL291292",AGI Post Inc,Penske Truck Leasing AGI Post-0779-10,Regular,Net-30,Operational
20190311,10036429,$108.26,,,AGI Ground Inc,"TCR Americas, LLC, - ATS",Quarterly,Net-30,Operational
20190311,10036428,$108.26,,,AGI Ground Inc,"TCR Americas, LLC, - ATS",Quarterly,Net-30,Operational
20190311,10036427,$108.26,,,AGI Ground Inc,"TCR Americas, LLC, - ATS",Quarterly,Net-30,Operational
20190311,10036426,$108.26,,,AGI Ground Inc,"TCR Americas, LLC, - ATS",Quarterly,Net-30,Operational
20190311,10036425,$108.26,,,AGI Ground Inc,"TCR Americas, LLC, - ATS",Quarterly,Net-30,Operational
20190311,10036424,$108.26,,,AGI Ground Inc,"TCR Americas, LLC, - ATS",Quarterly,Net-30,Operational
20190311,10036423,$108.26,,,AGI Ground Inc,"TCR Americas, LLC, - ATS",Quarterly,Net-30,Operational
20190311,10036422,$108.26,,,AGI Ground Inc,"TCR Americas, LLC, - ATS",Quarterly,Net-30,Operational
20190311,10036421,$108.26,,,AGI Ground Inc,"TCR Americas, LLC, - ATS",Quarterly,Net-30,Operational
20190311,10036420,$108.26,,,AGI Ground Inc,"TCR Americas, LLC, - ATS",Quarterly,Net-30,Operational
20190311,10036419,$108.26,,,AGI Ground Inc,"TCR Americas, LLC, - ATS",Quarterly,Net-30,Operational
20190311,10036418,$108.26,,,AGI Ground Inc,"TCR Americas, LLC, - ATS",Quarterly,Net-30,Operational
20190311,10035434,$463.49,,,AGI Ground Inc,"TCR Americas, LLC, - ATS",Quarterly,Net-30,Operational
20190311,10035475,"$2,003.90",,,AGI Ground Inc,"TCR Americas, LLC, - ATS",Quarterly,Net-30,Operational
20190311,10035476,"$1,445.70",,,AGI Ground Inc,"TCR Americas, LLC, - ATS",Quarterly,Net-30,Operational
20190311,10035490,"$1,445.70",,,AGI Ground Inc,"TCR Americas, LLC, - ATS",Quarterly,Net-30,Operational
20190311,10035306,"$1,741.67",,,AGI Ground Inc,"TCR Americas, LLC, - ATS",Quarterly,Net-30,Operational
20190311,10035305,"$4,017.93",,,AGI Ground Inc,"TCR Americas, LLC, - ATS",Quarterly,Net-30,Operational
20190311,10035304,"$3,133.83",,,AGI Ground Inc,"TCR Americas, LLC, - ATS",Quarterly,Net-30,Operational
20190311,10035212,"$1,153.62",,MA-50-G,AGI Ground Inc,"TCR Americas, LLC, - ATS",Quarterly,Net-30,Operational
20190311,10035211,"$1,153.62",,MA-50-G,AGI Ground Inc,"TCR Americas, LLC, - ATS",Quarterly,Net-30,Operational
20190311,10035693,"$1,153.62",,MA-50-G,AGI Ground Inc,"TCR Americas, LLC, - ATS",Quarterly,Net-30,Operational
20190311,10035692,"$1,153.62",,MA-50-G,AGI Ground Inc,"TCR Americas, LLC, - ATS",Quarterly,Net-30,Operational
20190311,10035691,"$1,153.62",,MA-50-G,AGI Ground Inc,"TCR Americas, LLC, - ATS",Quarterly,Net-30,Operational
20190311,10035451,"$3,139.47",,B250-D,AGI Ground Inc,"TCR Americas, LLC, - ATS",Quarterly,Net-30,Operational
20190311,10035502,$125.18,,A003807D,AGI Ground Inc,"TCR Americas, LLC, - ATS",Quarterly,Net-30,Operational
20190311,10035487,"$1,445.70",,TUG-660-28,AGI Ground Inc,"TCR Americas, LLC, - ATS",Quarterly,Net-30,Operational
20190311,10035488,"$1,445.70",,TUG-660-28,AGI Ground Inc,"TCR Americas, LLC, - ATS",Quarterly,Net-30,Operational
20190311,10035433,$129.70,,CLY-15F2716,AGI Ground Inc,"TCR Americas, LLC, - ATS",Quarterly,Net-30,Operational
20190311,10035505,$156.74,,TOWE170-C-4,AGI Ground Inc,"TCR Americas, LLC, - ATS",Quarterly,Net-30,Operational
20190311,10035484,$125.18,,CLY-15F2716,AGI Ground Inc,"TCR Americas, LLC, - ATS",Quarterly,Net-30,Operational
20190311,10035486,$125.18,,CRJ7-3R,AGI Ground Inc,"TCR Americas, LLC, - ATS",Quarterly,Net-30,Operational
20190311,10043590,$182.69,,CRJ7-3R,AGI Ground Inc,"TCR Americas, LLC, - ATS",Quarterly,Net-30,Operational
20190311,10035499,$129.70,,CLY-15F2284,AGI Ground Inc,"TCR Americas, LLC, - ATS",Quarterly,Net-30,Operational
20190311,10861924,"$2,319.00",,TMX150-12T-D,AGI Ground Inc,"TCR Americas, LLC, - ATS",Quarterly,Net-30,Operational
20190311,10865618,"$4,636.00",,Wide-Range,AGI Ground Inc,"TCR Americas, LLC, - ATS",Quarterly,Net-30,Operational
20190311,10044872,"$1,213.00",,TUG-660-14,AGI Ground Inc,"TCR Americas, LLC, - ATS",Quarterly,Net-30,Operational
20190311,10045480,"$1,386.00",,EB2-5-G,AGI Ground Inc,"TCR Americas, LLC, - ATS",Quarterly,Net-30,Operational
20190311,10044866,$166.66,,CLY-15F3165,AGI Ground Inc,"TCR Americas, LLC, - ATS",Quarterly,Net-30,Operational
20190311,10035037,"$2,035.44",,NBL-E,AGI Ground Inc,"TCR Americas, LLC, - ATS",Quarterly,Net-30,Operational
20190311,10040124,$488.65,,Water Cart PC155,AGI Ground Inc,"TCR Americas, LLC, - ATS",Quarterly,Net-30,Operational
20190311,10040123,$533.16,,Water Cart PC155,AGI Ground Inc,"TCR Americas, LLC, - ATS",Quarterly,Net-30,Operational
20190311,10040161,"$1,276.69",,ITW-6400-JETEX-8,AGI Ground Inc,"TCR Americas, LLC, - ATS",Quarterly,Net-30,Operational
20190311,10036363,"$1,592.80",,NBL-E,AGI Ground Inc,"TCR Americas, LLC, - ATS",Quarterly,Net-30,Operational
20190311,10036362,"$1,592.80",,NBL-E,AGI Ground Inc,"TCR Americas, LLC, - ATS",Quarterly,Net-30,Operational
20190311,10040126,"$1,158.72",,T137-E,AGI Ground Inc,"TCR Americas, LLC, - ATS",Quarterly,Net-30,Operational
20190311,10040125,"$1,158.72",,T137-E,AGI Ground Inc,"TCR Americas, LLC, - ATS",Quarterly,Net-30,Operational
20190311,10040880,$399.59,,Q400-JWR-SG,AGI Ground Inc,"TCR Americas, LLC, - ATS",Quarterly,Net-30,Operational
20190311,10043325,$399.59,,Q400-JWR-SG,AGI Ground Inc,"TCR Americas, LLC, - ATS",Quarterly,Net-30,Operational
20190311,10040113,$165.85,,TB-D8Q-400-HL,AGI Ground Inc,"TCR Americas, LLC, - ATS",Quarterly,Net-30,Operational
20190311,10040121,$125.79,,ISC-1-1030000,AGI Ground Inc,"TCR Americas, LLC, - ATS",Quarterly,Net-30,Operational
20190311,10040120,$125.79,,ISC-1-1030000,AGI Ground Inc,"TCR Americas, LLC, - ATS",Quarterly,Net-30,Operational
20190311,10040119,$125.79,,ISC-1-1030000,AGI Ground Inc,"TCR Americas, LLC, - ATS",Quarterly,Net-30,Operational
20190311,10040118,$125.79,,ISC-1-1030000,AGI Ground Inc,"TCR Americas, LLC, - ATS",Quarterly,Net-30,Operational
20190311,10040117,$125.79,,ISC-1-1030000,AGI Ground Inc,"TCR Americas, LLC, - ATS",Quarterly,Net-30,Operational
20190311,10040116,$125.79,,ISC-1-1030000,AGI Ground Inc,"TCR Americas, LLC, - ATS",Quarterly,Net-30,Operational
20190311,10040115,$125.79,,ISC-1-1030000,AGI Ground Inc,"TCR Americas, LLC, - ATS",Quarterly,Net-30,Operational
20190311,10040114,$125.79,,ISC-1-1030000,AGI Ground Inc,"TCR Americas, LLC, - ATS",Quarterly,Net-30,Operational
20190311,10040129,$176.97,,CLY-15F3164,AGI Ground Inc,"TCR Americas, LLC, - ATS",Quarterly,Net-30,Operational
20190311,10040130,$176.97,,CLY-15F3164,AGI Ground Inc,"TCR Americas, LLC, - ATS",Quarterly,Net-30,Operational
20190311,10040122,"$3,124.41",,B250-D,AGI Ground Inc,"TCR Americas, LLC, - ATS",Quarterly,Net-30,Operational
20190311,10036547,$117.11,,ISC-1-1030000,AGI Ground Inc,"TCR Americas, LLC, - ATS",Quarterly,Net-30,Operational
20190311,10036557,$117.11,,ISC-1-1030000,AGI Ground Inc,"TCR Americas, LLC, - ATS",Quarterly,Net-30,Operational
20190311,10036551,$117.11,,ISC-1-1030000,AGI Ground Inc,"TCR Americas, LLC, - ATS",Quarterly,Net-30,Operational
20190311,10036558,$117.11,,ISC-1-1030000,AGI Ground Inc,"TCR Americas, LLC, - ATS",Quarterly,Net-30,Operational
20190311,10035208,"$1,549.19",,TUG-660-28,AGI Ground Inc,"TCR Americas, LLC, - ATS",Quarterly,Net-30,Operational
20190311,10035207,"$1,549.19",,TUG-660-28,AGI Ground Inc,"TCR Americas, LLC, - ATS",Quarterly,Net-30,Operational
20190311,10035218,"$1,145.02",,MA-50-G,AGI Ground Inc,"TCR Americas, LLC, - ATS",Quarterly,Net-30,Operational
20190311,10035121,"$1,145.02",,MA-50-G,AGI Ground Inc,"TCR Americas, LLC, - ATS",Quarterly,Net-30,Operational
20190311,10036602,$117.11,,ISC-1-1030000,AGI Ground Inc,"TCR Americas, LLC, - ATS",Quarterly,Net-30,Operational
20190311,10036601,$117.11,,ISC-1-1030000,AGI Ground Inc,"TCR Americas, LLC, - ATS",Quarterly,Net-30,Operational
20190311,10039859,"$1,700.08",,F350-TT,AGI Ground Inc,"TCR Americas, LLC, - ATS",Quarterly,Net-30,Operational
20190311,10036549,"$1,700.08",,F350-TT,AGI Ground Inc,"TCR Americas, LLC, - ATS",Quarterly,Net-30,Operational
20190311,10036548,"$1,700.08",,F350-TT,AGI Ground Inc,"TCR Americas, LLC, - ATS",Quarterly,Net-30,Operational
20190311,10036546,"$1,700.08",,F350-TT,AGI Ground Inc,"TCR Americas, LLC, - ATS",Quarterly,Net-30,Operational
20190311,10036550,"$1,700.08",,F350-TT,AGI Ground Inc,"TCR Americas, LLC, - ATS",Quarterly,Net-30,Operational
20190311,10036554,"$1,700.08",,F350-TT,AGI Ground Inc,"TCR Americas, LLC, - ATS",Quarterly,Net-30,Operational
20190311,10036543,"$1,700.08",,F350-TT,AGI Ground Inc,"TCR Americas, LLC, - ATS",Quarterly,Net-30,Operational
20190311,10035660,"$2,825.95",,B250-D,AGI Ground Inc,"TCR Americas, LLC, - ATS",Quarterly,Net-30,Operational
20190311,10040939,$117.11,,ISC-1-1030000,AGI Ground Inc,"TCR Americas, LLC, - ATS",Quarterly,Net-30,Operational
20190311,10040938,$117.11,,ISC-1-1030000,AGI Ground Inc,"TCR Americas, LLC, - ATS",Quarterly,Net-30,Operational
20190311,10040937,$117.11,,ISC-1-1030000,AGI Ground Inc,"TCR Americas, LLC, - ATS",Quarterly,Net-30,Operational
20190311,10040936,"$1,700.08",,F350-TT,AGI Ground Inc,"TCR Americas, LLC, - ATS",Quarterly,Net-30,Operational
20190311,10040968,"$1,713.57",,F350-WT,AGI Ground Inc,"TCR Americas, LLC, - ATS",Quarterly,Net-30,Operational
20190311,10040959,"$1,792.38",,NBL-G,AGI Ground Inc,"TCR Americas, LLC, - ATS",Quarterly,Net-30,Operational
20190311,10035126,"$3,097.29",,ASU600-180-CUP,AGI Ground Inc,"TCR Americas, LLC, - ATS",Quarterly,Net-30,Operational
20190311,10035127,"$1,604.38",,ACU-302-H-CUP,AGI Ground Inc,"TCR Americas, LLC, - ATS",Quarterly,Net-30,Operational
20190311,10035120,"$2,621.03",,B250-D,AGI Ground Inc,"TCR Americas, LLC, - ATS",Quarterly,Net-30,Operational
20190311,10035119,"$2,621.03",,B250-D,AGI Ground Inc,"TCR Americas, LLC, - ATS",Quarterly,Net-30,Operational
20190311,10040967,"$1,320.64",,MA-50-G,AGI Ground Inc,"TCR Americas, LLC, - ATS",Quarterly,Net-30,Operational
20190311,10040966,"$1,320.64",,MA-50-G,AGI Ground Inc,"TCR Americas, LLC, - ATS",Quarterly,Net-30,Operational
20190311,10040965,"$1,320.64",,MA-50-G,AGI Ground Inc,"TCR Americas, LLC, - ATS",Quarterly,Net-30,Operational
20190311,10040964,"$1,320.64",,MA-50-G,AGI Ground Inc,"TCR Americas, LLC, - ATS",Quarterly,Net-30,Operational
20190311,10040960,"$1,792.38",,NBL-G,AGI Ground Inc,"TCR Americas, LLC, - ATS",Quarterly,Net-30,Operational
20190311,10040963,"$1,320.64",,MA-50-G,AGI Ground Inc,"TCR Americas, LLC, - ATS",Quarterly,Net-30,Operational
20190311,10040957,$140.74,,CLY-15F2284,AGI Ground Inc,"TCR Americas, LLC, - ATS",Quarterly,Net-30,Operational
20190311,10040956,$117.11,,ISC-1-1030000,AGI Ground Inc,"TCR Americas, LLC, - ATS",Quarterly,Net-30,Operational
20190311,10040955,$117.11,,ISC-1-1030000,AGI Ground Inc,"TCR Americas, LLC, - ATS",Quarterly,Net-30,Operational
20190311,10040954,$117.11,,ISC-1-1030000,AGI Ground Inc,"TCR Americas, LLC, - ATS",Quarterly,Net-30,Operational
20190311,10040953,$117.11,,ISC-1-1030000,AGI Ground Inc,"TCR Americas, LLC, - ATS",Quarterly,Net-30,Operational
20190311,10040952,$117.11,,ISC-1-1030000,AGI Ground Inc,"TCR Americas, LLC, - ATS",Quarterly,Net-30,Operational
20190311,10040951,$117.11,,ISC-1-1030000,AGI Ground Inc,"TCR Americas, LLC, - ATS",Quarterly,Net-30,Operational
20190311,10040950,$117.11,,ISC-1-1030000,AGI Ground Inc,"TCR Americas, LLC, - ATS",Quarterly,Net-30,Operational
20190311,10040961,"$1,792.38",,NBL-G,AGI Ground Inc,"TCR Americas, LLC, - ATS",Quarterly,Net-30,Operational
20190311,10040949,$117.11,,ISC-1-1030000,AGI Ground Inc,"TCR Americas, LLC, - ATS",Quarterly,Net-30,Operational
20190311,10040948,$117.11,,ISC-1-1030000,AGI Ground Inc,"TCR Americas, LLC, - ATS",Quarterly,Net-30,Operational
20190311,10040947,$117.11,,ISC-1-1030000,AGI Ground Inc,"TCR Americas, LLC, - ATS",Quarterly,Net-30,Operational
20190311,10040946,$117.11,,ISC-1-1030000,AGI Ground Inc,"TCR Americas, LLC, - ATS",Quarterly,Net-30,Operational
20190311,10040945,$117.11,,ISC-1-1030000,AGI Ground Inc,"TCR Americas, LLC, - ATS",Quarterly,Net-30,Operational
20190311,10040944,$117.11,,ISC-1-1030000,AGI Ground Inc,"TCR Americas, LLC, - ATS",Quarterly,Net-30,Operational
20190311,10040943,$117.11,,ISC-1-1030000,AGI Ground Inc,"TCR Americas, LLC, - ATS",Quarterly,Net-30,Operational
20190311,10040942,$117.11,,ISC-1-1030000,AGI Ground Inc,"TCR Americas, LLC, - ATS",Quarterly,Net-30,Operational
20190311,10040941,$117.11,,ISC-1-1030000,AGI Ground Inc,"TCR Americas, LLC, - ATS",Quarterly,Net-30,Operational
20190311,10040940,$117.11,,ISC-1-1030000,AGI Ground Inc,"TCR Americas, LLC, - ATS",Quarterly,Net-30,Operational
20190311,10040962,$117.11,,ISC-1-1030000,AGI Ground Inc,"TCR Americas, LLC, - ATS",Quarterly,Net-30,Operational
20190311,10046122,"$4,464.00",,B250-D,AGI Ground Inc,"TCR Americas, LLC, - ATS",Quarterly,Net-30,Operational
20240220,10046750,"$3,812.00",,SPW500PL,AGI Ground Inc,"TCR Americas, LLC, - ATS",Quarterly,Net-30,Operational
CO20220225,20000569,$965.00,,JET16-E,AGI Ground Inc,"TCR Americas, LLC, - ATS",Quarterly,Net-30,Operational
CO20220225,10044843,$298.00,,CLY-15F3300,AGI Ground Inc,"TCR Americas, LLC, - ATS",Quarterly,Net-30,Operational
CO20220225,10865387,"$5,503.00",,COMMANDER-15W,AGI Ground Inc,"TCR Americas, LLC, - ATS",Quarterly,Net-30,Operational
CO20220225,10038995,"$5,150.00",,TMX350-28T-D,AGI Ground Inc,"TCR Americas, LLC, - ATS",Quarterly,Net-30,Operational
CO20220225,10031514,"$1,192.00",,NBL-E,AGI Ground Inc,"TCR Americas, LLC, - ATS",Quarterly,Net-30,Operational
CO20220225,20000567,$965.00,,JET16-E,AGI Ground Inc,"TCR Americas, LLC, - ATS",Quarterly,Net-30,Operational
CO20220225,20000566,$965.00,,JET16-E,AGI Ground Inc,"TCR Americas, LLC, - ATS",Quarterly,Net-30,Operational
CO20220225,10045862,$108.00,,ISC-1-2250000,AGI Ground Inc,"TCR Americas, LLC, - ATS",Quarterly,Net-30,Operational
CO20220225,10045861,$108.00,,ISC-1-2250000,AGI Ground Inc,"TCR Americas, LLC, - ATS",Quarterly,Net-30,Operational
CO20220225,10036467,$114.00,,ISC-1-2250000,AGI Ground Inc,"TCR Americas, LLC, - ATS",Quarterly,Net-30,Operational
CO20220225,10036466,$114.00,,ISC-1-2250000,AGI Ground Inc,"TCR Americas, LLC, - ATS",Quarterly,Net-30,Operational
CO20220225,10036465,$114.00,,ISC-1-2250000,AGI Ground Inc,"TCR Americas, LLC, - ATS",Quarterly,Net-30,Operational
CO20220225,10036464,$114.00,,ISC-1-2250000,AGI Ground Inc,"TCR Americas, LLC, - ATS",Quarterly,Net-30,Operational
CO20220225,10036457,$114.00,,ISC-1-2250000,AGI Ground Inc,"TCR Americas, LLC, - ATS",Quarterly,Net-30,Operational
CO20220225,10036454,$114.00,,ISC-1-2250000,AGI Ground Inc,"TCR Americas, LLC, - ATS",Quarterly,Net-30,Operational
CO20220225,10045868,$108.00,,ISC-1-2250000,AGI Ground Inc,"TCR Americas, LLC, - ATS",Quarterly,Net-30,Operational
CO20220225,10045867,$108.00,,ISC-1-2250000,AGI Ground Inc,"TCR Americas, LLC, - ATS",Quarterly,Net-30,Operational
CO20220225,10045866,$108.00,,ISC-1-2250000,AGI Ground Inc,"TCR Americas, LLC, - ATS",Quarterly,Net-30,Operational
CO20220225,10045865,$108.00,,ISC-1-2250000,AGI Ground Inc,"TCR Americas, LLC, - ATS",Quarterly,Net-30,Operational
CO20220225,10045864,$108.00,,ISC-1-2250000,AGI Ground Inc,"TCR Americas, LLC, - ATS",Quarterly,Net-30,Operational
CO20220225,10045863,$108.00,,ISC-1-2250000,AGI Ground Inc,"TCR Americas, LLC, - ATS",Quarterly,Net-30,Operational
CO20220225,10036452,$114.00,,ISC-1-2250000,AGI Ground Inc,"TCR Americas, LLC, - ATS",Quarterly,Net-30,Operational
CO20220225,10036451,$84.00,,ISC-1-2110000,AGI Ground Inc,"TCR Americas, LLC, - ATS",Quarterly,Net-30,Operational
CO20220225,10036450,$84.00,,ISC-1-2110000,AGI Ground Inc,"TCR Americas, LLC, - ATS",Quarterly,Net-30,Operational
CO20220225,10036449,$84.00,,ISC-1-2110000,AGI Ground Inc,"TCR Americas, LLC, - ATS",Quarterly,Net-30,Operational
CO20220225,10036448,$84.00,,ISC-1-2110000,AGI Ground Inc,"TCR Americas, LLC, - ATS",Quarterly,Net-30,Operational
CO20220225,10036447,$84.00,,ISC-1-2110000,AGI Ground Inc,"TCR Americas, LLC, - ATS",Quarterly,Net-30,Operational
CO20220225,10036446,$84.00,,ISC-1-2110000,AGI Ground Inc,"TCR Americas, LLC, - ATS",Quarterly,Net-30,Operational
CO20220225,10036445,$84.00,,ISC-1-2110000,AGI Ground Inc,"TCR Americas, LLC, - ATS",Quarterly,Net-30,Operational
CO20220225,10036444,$84.00,,ISC-1-2110000,AGI Ground Inc,"TCR Americas, LLC, - ATS",Quarterly,Net-30,Operational
CO20220518,10024552,"$1,334.00",,NBL-D,AGI Ground Inc,"TCR Americas, LLC, - ATS",Quarterly,Net-30,Operational
CO20220518,10044870,$120.00,,CLY-15F3495,AGI Ground Inc,"TCR Americas, LLC, - ATS",Quarterly,Net-30,Operational
CO20220518,10044876,$428.00,,AFB-14037,AGI Ground Inc,"TCR Americas, LLC, - ATS",Quarterly,Net-30,Operational
CO20220518,10044833,$78.00,,AVCBC001,AGI Ground Inc,"TCR Americas, LLC, - ATS",Quarterly,Net-30,Operational
CO20220518,10044832,$78.00,,AVCBC001,AGI Ground Inc,"TCR Americas, LLC, - ATS",Quarterly,Net-30,Operational
CO20220518,10044831,$78.00,,AVCBC001,AGI Ground Inc,"TCR Americas, LLC, - ATS",Quarterly,Net-30,Operational
CO20220518,10044829,$78.00,,AVCBC001,AGI Ground Inc,"TCR Americas, LLC, - ATS",Quarterly,Net-30,Operational
CO20220518,10044828,$78.00,,AVCBC001,AGI Ground Inc,"TCR Americas, LLC, - ATS",Quarterly,Net-30,Operational
CO20220518,10044827,$78.00,,AVCBC001,AGI Ground Inc,"TCR Americas, LLC, - ATS",Quarterly,Net-30,Operational
CO20220518,10044819,$78.00,,AVCBC001,AGI Ground Inc,"TCR Americas, LLC, - ATS",Quarterly,Net-30,Operational
CO20220518,10036348,$114.00,,TB-D8Q-400-HL,AGI Ground Inc,"TCR Americas, LLC, - ATS",Quarterly,Net-30,Operational
CO20220518,10044836,$78.00,,AVCBC001,AGI Ground Inc,"TCR Americas, LLC, - ATS",Quarterly,Net-30,Operational
CO20220518,10044835,$78.00,,AVCBC001,AGI Ground Inc,"TCR Americas, LLC, - ATS",Quarterly,Net-30,Operational
CO20220518,10044834,$78.00,,AVCBC001,AGI Ground Inc,"TCR Americas, LLC, - ATS",Quarterly,Net-30,Operational
CO20220520,10045950,"$1,123.00",,TUG-660-28,AGI Ground Inc,"TCR Americas, LLC, - ATS",Quarterly,Net-30,Operational
CO20220520,10045949,"$1,123.00",,TUG-660-28,AGI Ground Inc,"TCR Americas, LLC, - ATS",Quarterly,Net-30,Operational
CO20220520,10045948,"$1,123.00",,TUG-660-28,AGI Ground Inc,"TCR Americas, LLC, - ATS",Quarterly,Net-30,Operational
CO20220520,10045947,"$1,123.00",,TUG-660-28,AGI Ground Inc,"TCR Americas, LLC, - ATS",Quarterly,Net-30,Operational
CO20220520,10045946,"$1,123.00",,TUG-660-28,AGI Ground Inc,"TCR Americas, LLC, - ATS",Quarterly,Net-30,Operational
CO20220520,10007385,"$2,244.00",,TMX150-12T-D,AGI Ground Inc,"TCR Americas, LLC, - ATS",Quarterly,Net-30,Operational
CO20220520,10006467,"$2,244.00",,TMX150-12T-D,AGI Ground Inc,"TCR Americas, LLC, - ATS",Quarterly,Net-30,Operational
CO20220520,10861509,"$2,244.00",,TMX150-12T-D,AGI Ground Inc,"TCR Americas, LLC, - ATS",Quarterly,Net-30,Operational
CO20220520,10045925,$107.00,,AVCBC001,AGI Ground Inc,"TCR Americas, LLC, - ATS",Quarterly,Net-30,Operational
CO20220520,10045924,$107.00,,AVCBC001,AGI Ground Inc,"TCR Americas, LLC, - ATS",Quarterly,Net-30,Operational
CO20220520,10045923,$107.00,,AVCBC001,AGI Ground Inc,"TCR Americas, LLC, - ATS",Quarterly,Net-30,Operational
CO20220520,10045922,$107.00,,AVCBC001,AGI Ground Inc,"TCR Americas, LLC, - ATS",Quarterly,Net-30,Operational
CO20220520,10045921,$107.00,,AVCBC001,AGI Ground Inc,"TCR Americas, LLC, - ATS",Quarterly,Net-30,Operational
CO20220520,10045920,$107.00,,AVCBC001,AGI Ground Inc,"TCR Americas, LLC, - ATS",Quarterly,Net-30,Operational
CO20220520,10045919,$107.00,,AVCBC001,AGI Ground Inc,"TCR Americas, LLC, - ATS",Quarterly,Net-30,Operational
CO20220520,10045918,$107.00,,AVCBC001,AGI Ground Inc,"TCR Americas, LLC, - ATS",Quarterly,Net-30,Operational
CO20220520,10046120,$107.00,,AVCBC001,AGI Ground Inc,"TCR Americas, LLC, - ATS",Quarterly,Net-30,Operational
CO20220520,10045991,$107.00,,AVCBC001,AGI Ground Inc,"TCR Americas, LLC, - ATS",Quarterly,Net-30,Operational
CO20220520,10045951,"$1,261.00",,TLS-770,AGI Ground Inc,"TCR Americas, LLC, - ATS",Quarterly,Net-30,Operational
CO20220520,10046110,$137.00,,CLY-15F3165,AGI Ground Inc,"TCR Americas, LLC, - ATS",Quarterly,Net-30,Operational
CO20220520,10046109,$137.00,,CLY-15F3165,AGI Ground Inc,"TCR Americas, LLC, - ATS",Quarterly,Net-30,Operational
CO20220520,10046108,$137.00,,CLY-15F3165,AGI Ground Inc,"TCR Americas, LLC, - ATS",Quarterly,Net-30,Operational
CO20220520,10046107,$137.00,,CLY-15F3165,AGI Ground Inc,"TCR Americas, LLC, - ATS",Quarterly,Net-30,Operational
CO20220520,10046022,$109.00,,BCL-8,AGI Ground Inc,"TCR Americas, LLC, - ATS",Quarterly,Net-30,Operational
CO20220520,10046021,$109.00,,BCL-8,AGI Ground Inc,"TCR Americas, LLC, - ATS",Quarterly,Net-30,Operational
CO20220520,10046020,$109.00,,BCL-8,AGI Ground Inc,"TCR Americas, LLC, - ATS",Quarterly,Net-30,Operational
CO20220520,10046019,$109.00,,BCL-8,AGI Ground Inc,"TCR Americas, LLC, - ATS",Quarterly,Net-30,Operational
CO20220520,10046018,$109.00,,BCL-8,AGI Ground Inc,"TCR Americas, LLC, - ATS",Quarterly,Net-30,Operational
CO20220520,10045972,$109.00,,BCL-8,AGI Ground Inc,"TCR Americas, LLC, - ATS",Quarterly,Net-30,Operational
CO20220520,10045971,$109.00,,BCL-8,AGI Ground Inc,"TCR Americas, LLC, - ATS",Quarterly,Net-30,Operational
CO20220520,10045970,$109.00,,BCL-8,AGI Ground Inc,"TCR Americas, LLC, - ATS",Quarterly,Net-30,Operational
CO20220520,10046023,$109.00,,BCL-8,AGI Ground Inc,"TCR Americas, LLC, - ATS",Quarterly,Net-30,Operational
CO20220520,10045969,$109.00,,BCL-8,AGI Ground Inc,"TCR Americas, LLC, - ATS",Quarterly,Net-30,Operational
CO20220520,10045989,$109.00,,BCL-8,AGI Ground Inc,"TCR Americas, LLC, - ATS",Quarterly,Net-30,Operational
CO20220520,10045988,$109.00,,BCL-8,AGI Ground Inc,"TCR Americas, LLC, - ATS",Quarterly,Net-30,Operational
CO20220520,10045987,$109.00,,BCL-8,AGI Ground Inc,"TCR Americas, LLC, - ATS",Quarterly,Net-30,Operational
CO20220520,10045986,$109.00,,BCL-8,AGI Ground Inc,"TCR Americas, LLC, - ATS",Quarterly,Net-30,Operational
CO20220520,10045985,$109.00,,BCL-8,AGI Ground Inc,"TCR Americas, LLC, - ATS",Quarterly,Net-30,Operational
CO20220520,10045984,$109.00,,BCL-8,AGI Ground Inc,"TCR Americas, LLC, - ATS",Quarterly,Net-30,Operational
CO20220520,10045983,$109.00,,BCL-8,AGI Ground Inc,"TCR Americas, LLC, - ATS",Quarterly,Net-30,Operational
CO20220520,10045962,$109.00,,BCL-8,AGI Ground Inc,"TCR Americas, LLC, - ATS",Quarterly,Net-30,Operational
CO20220520,10045052,"$3,289.00",,GS280,AGI Ground Inc,"TCR Americas, LLC, - ATS",Quarterly,Net-30,Operational
CO20220520,10045990,$109.00,,BCL-8,AGI Ground Inc,"TCR Americas, LLC, - ATS",Quarterly,Net-30,Operational
CO20220520,10045960,$109.00,,BCL-8,AGI Ground Inc,"TCR Americas, LLC, - ATS",Quarterly,Net-30,Operational
CO20220520,10045959,$109.00,,BCL-8,AGI Ground Inc,"TCR Americas, LLC, - ATS",Quarterly,Net-30,Operational
CO20220520,10045958,$109.00,,BCL-8,AGI Ground Inc,"TCR Americas, LLC, - ATS",Quarterly,Net-30,Operational
CO20220520,10045957,$109.00,,BCL-8,AGI Ground Inc,"TCR Americas, LLC, - ATS",Quarterly,Net-30,Operational
CO20220520,10045956,$109.00,,BCL-8,AGI Ground Inc,"TCR Americas, LLC, - ATS",Quarterly,Net-30,Operational
CO20220520,10045955,$109.00,,BCL-8,AGI Ground Inc,"TCR Americas, LLC, - ATS",Quarterly,Net-30,Operational
CO20220520,10045954,$109.00,,BCL-8,AGI Ground Inc,"TCR Americas, LLC, - ATS",Quarterly,Net-30,Operational
CO20220520,10045953,$109.00,,BCL-8,AGI Ground Inc,"TCR Americas, LLC, - ATS",Quarterly,Net-30,Operational
CO20220520,10045961,$109.00,,BCL-8,AGI Ground Inc,"TCR Americas, LLC, - ATS",Quarterly,Net-30,Operational
CO20220520,10045952,$109.00,,BCL-8,AGI Ground Inc,"TCR Americas, LLC, - ATS",Quarterly,Net-30,Operational
CO20220628,10045967,$186.00,,BCL-8,AGI Ground Inc,"TCR Americas, LLC, - ATS",Quarterly,Net-30,Operational
CO20220628,10045964,$186.00,,BCL-8,AGI Ground Inc,"TCR Americas, LLC, - ATS",Quarterly,Net-30,Operational
CO20220628,10045965,$186.00,,BCL-8,AGI Ground Inc,"TCR Americas, LLC, - ATS",Quarterly,Net-30,Operational
CO20220628,10045968,$186.00,,BCL-8,AGI Ground Inc,"TCR Americas, LLC, - ATS",Quarterly,Net-30,Operational
CO20220628,10045963,$186.00,,BCL-8,AGI Ground Inc,"TCR Americas, LLC, - ATS",Quarterly,Net-30,Operational
CO20220628,10045966,$186.00,,BCL-8,AGI Ground Inc,"TCR Americas, LLC, - ATS",Quarterly,Net-30,Operational
CO20221205,10046121,"$4,464.00",,B250-D,AGI Ground Inc,"TCR Americas, LLC, - ATS",Quarterly,Net-30,Operational
CO20221205,10864304,$103.00,,ACD47ST,AGI Ground Inc,"TCR Americas, LLC, - ATS",Quarterly,Net-30,Operational
CO20221205,10864303,$103.00,,ACD47ST,AGI Ground Inc,"TCR Americas, LLC, - ATS",Quarterly,Net-30,Operational
CO20221205,10864301,$103.00,,ACD47ST,AGI Ground Inc,"TCR Americas, LLC, - ATS",Quarterly,Net-30,Operational
CO20221205,10864300,$103.00,,ACD47ST,AGI Ground Inc,"TCR Americas, LLC, - ATS",Quarterly,Net-30,Operational
CO20221205,10864297,$103.00,,ACD47ST,AGI Ground Inc,"TCR Americas, LLC, - ATS",Quarterly,Net-30,Operational
CO20221205,10030141,$103.00,,ACD47ST,AGI Ground Inc,"TCR Americas, LLC, - ATS",Quarterly,Net-30,Operational
CO20221205,10030140,$103.00,,ACD47ST,AGI Ground Inc,"TCR Americas, LLC, - ATS",Quarterly,Net-30,Operational
CO20221205,10030138,$103.00,,ACD47ST,AGI Ground Inc,"TCR Americas, LLC, - ATS",Quarterly,Net-30,Operational
CO20221205,10864299,$91.00,,ACD47ST,AGI Ground Inc,"TCR Americas, LLC, - ATS",Quarterly,Net-30,Operational
CO20221205,10864298,$91.00,,ACD47ST,AGI Ground Inc,"TCR Americas, LLC, - ATS",Quarterly,Net-30,Operational
CO20221205,10864302,$91.00,,ACD47ST,AGI Ground Inc,"TCR Americas, LLC, - ATS",Quarterly,Net-30,Operational
CO20221205,10030145,$91.00,,ACD47ST,AGI Ground Inc,"TCR Americas, LLC, - ATS",Quarterly,Net-30,Operational
CO20221205,10030144,$91.00,,ACD47ST,AGI Ground Inc,"TCR Americas, LLC, - ATS",Quarterly,Net-30,Operational
CO20221205,10030143,$91.00,,ACD47ST,AGI Ground Inc,"TCR Americas, LLC, - ATS",Quarterly,Net-30,Operational
CO20221205,10030142,$91.00,,ACD47ST,AGI Ground Inc,"TCR Americas, LLC, - ATS",Quarterly,Net-30,Operational
CO20221205,10030139,$91.00,,ACD47ST,AGI Ground Inc,"TCR Americas, LLC, - ATS",Quarterly,Net-30,Operational
CO20221205,10030137,$91.00,,ACD47ST,AGI Ground Inc,"TCR Americas, LLC, - ATS",Quarterly,Net-30,Operational
CO20221205,10030136,$91.00,,ACD47ST,AGI Ground Inc,"TCR Americas, LLC, - ATS",Quarterly,Net-30,Operational
CO20221205,10046001,$112.00,,ACD47ST,AGI Ground Inc,"TCR Americas, LLC, - ATS",Quarterly,Net-30,Operational
CO20221205,10044830,$117.00,,AVCBC001,AGI Ground Inc,"TCR Americas, LLC, - ATS",Quarterly,Net-30,Operational
CO20221205,10044826,$117.00,,AVCBC001,AGI Ground Inc,"TCR Americas, LLC, - ATS",Quarterly,Net-30,Operational
CO20221205,10044825,$117.00,,AVCBC001,AGI Ground Inc,"TCR Americas, LLC, - ATS",Quarterly,Net-30,Operational
CO20221205,10044824,$117.00,,AVCBC001,AGI Ground Inc,"TCR Americas, LLC, - ATS",Quarterly,Net-30,Operational
CO20221205,10044823,$117.00,,AVCBC001,AGI Ground Inc,"TCR Americas, LLC, - ATS",Quarterly,Net-30,Operational
CO20221205,10044822,$117.00,,AVCBC001,AGI Ground Inc,"TCR Americas, LLC, - ATS",Quarterly,Net-30,Operational
CO20221205,10046016,$112.00,,APT1600,AGI Ground Inc,"TCR Americas, LLC, - ATS",Quarterly,Net-30,Operational
CO20221205,10046015,$112.00,,APT1600,AGI Ground Inc,"TCR Americas, LLC, - ATS",Quarterly,Net-30,Operational
CO20221205,10046014,$112.00,,APT1600,AGI Ground Inc,"TCR Americas, LLC, - ATS",Quarterly,Net-30,Operational
CO20221205,10046013,$112.00,,APT1600,AGI Ground Inc,"TCR Americas, LLC, - ATS",Quarterly,Net-30,Operational
CO20221205,10046012,$112.00,,APT1600,AGI Ground Inc,"TCR Americas, LLC, - ATS",Quarterly,Net-30,Operational
CO20221205,10044821,$117.00,,AVCBC001,AGI Ground Inc,"TCR Americas, LLC, - ATS",Quarterly,Net-30,Operational
CO20221205,10046011,$112.00,,APT1600,AGI Ground Inc,"TCR Americas, LLC, - ATS",Quarterly,Net-30,Operational
CO20221205,10046010,$112.00,,APT1600,AGI Ground Inc,"TCR Americas, LLC, - ATS",Quarterly,Net-30,Operational
CO20221205,10046009,$112.00,,APT1600,AGI Ground Inc,"TCR Americas, LLC, - ATS",Quarterly,Net-30,Operational
CO20221205,10046008,$112.00,,APT1600,AGI Ground Inc,"TCR Americas, LLC, - ATS",Quarterly,Net-30,Operational
CO20221205,10046007,$112.00,,APT1600,AGI Ground Inc,"TCR Americas, LLC, - ATS",Quarterly,Net-30,Operational
CO20221205,10046006,$112.00,,APT1600,AGI Ground Inc,"TCR Americas, LLC, - ATS",Quarterly,Net-30,Operational
CO20221205,10046005,$112.00,,APT1600,AGI Ground Inc,"TCR Americas, LLC, - ATS",Quarterly,Net-30,Operational
CO20221205,10046004,$112.00,,APT1600,AGI Ground Inc,"TCR Americas, LLC, - ATS",Quarterly,Net-30,Operational
CO20221205,10046003,$112.00,,APT1600,AGI Ground Inc,"TCR Americas, LLC, - ATS",Quarterly,Net-30,Operational
CO20221205,10046002,$112.00,,APT1600,AGI Ground Inc,"TCR Americas, LLC, - ATS",Quarterly,Net-30,Operational
CO20221205,10044820,$117.00,,AVCBC001,AGI Ground Inc,"TCR Americas, LLC, - ATS",Quarterly,Net-30,Operational
CO20221205,10045860,"$3,685.00",,Ranger-Wide,AGI Ground Inc,"TCR Americas, LLC, - ATS",Quarterly,Net-30,Operational
CO20221205,10865617,"$5,584.00",,Ranger-Wide,AGI Ground Inc,"TCR Americas, LLC, - ATS",Quarterly,Net-30,Operational
CO20221219,10039151,"$1,546.00",,NBL-D,AGI Ground Inc,"TCR Americas, LLC, - ATS",Quarterly,Net-30,Operational
CO20221219,10292113,"$1,546.00",,NBL-D,AGI Ground Inc,"TCR Americas, LLC, - ATS",Quarterly,Net-30,Operational
CO20221219,10044871,"$1,546.00",,TUG-660-14,AGI Ground Inc,"TCR Americas, LLC, - ATS",Quarterly,Net-30,Operational